Workbook
Name MasterList: Списки!$A$2:$A$5
Name ShiftList: Списки!$B$2:$B$5
Name Мастер: [1]инфо!$A$34:$A$37
Name Продукт: [1]инфо!$A$15:$A$29

Sheet Выработка
A1: Дата | B1: Месяц | C1: Тип смены | D1: Линия | E1: Мастер | F1: Смена | G1: План | H1: Факт | I1: 1-сорт | J1: Брак
A2: 02.06.2026 | B2: =IF(ТаблицаВыработки[[#This Row],[Дата]]="","",DATE(VALUE(RIGHT(ТаблицаВыработки[[#This Row],[Дата]],4)),VALUE(MID(ТаблицаВыработки[[#This Row],[Дата]],4,2)),1)) | C2: Ночь | D2: Линия 2 | E2: Султанулы С. | F2: 3 | G2: 3300 | H2: 990 | I2: =SUMIFS(рапорт!$K:$K,рапорт!$A:$A,DATE(VALUE(RIGHT(ТаблицаВыработки[[#This Row],[Дата]],4)),VALUE(MID(ТаблицаВыработки[[#This Row],[Дата]],4,2)),VALUE(LEFT(ТаблицаВыработки[[#This Row],[Дата]],2))),рапорт!$D:$D,LOWER(ТаблицаВыработки[[#This Row],[Тип смены]])&"*",рапорт!$E:$E,LEFT(ТаблицаВыработки[[#This Row],[Мастер]],SEARCH(" ",ТаблицаВыработки[[#This Row],[Мастер]]&" ")-1)&"*") | J2: =SUMIFS(рапорт!$L:$L,рапорт!$A:$A,DATE(VALUE(RIGHT(ТаблицаВыработки[[#This Row],[Дата]],4)),VALUE(MID(ТаблицаВыработки[[#This Row],[Дата]],4,2)),VALUE(LEFT(ТаблицаВыработки[[#This Row],[Дата]],2))),рапорт!$D:$D,LOWER(ТаблицаВыработки[[#This Row],[Тип смены]])&"*",рапорт!$E:$E,LEFT(ТаблицаВыработки[[#This Row],[Мастер]],SEARCH(" ",ТаблицаВыработки[[#This Row],[Мастер]]&" ")-1)&"*")
A3: 02.06.2026 | B3: =IF(ТаблицаВыработки[[#This Row],[Дата]]="","",DATE(VALUE(RIGHT(ТаблицаВыработки[[#This Row],[Дата]],4)),VALUE(MID(ТаблицаВыработки[[#This Row],[Дата]],4,2)),1)) | C3: День | D3: Линия 2 | E3: Дауылбай М. | F3: 4 | G3: 2700 | H3: 140 | I3: =SUMIFS(рапорт!$K:$K,рапорт!$A:$A,DATE(VALUE(RIGHT(ТаблицаВыработки[[#This Row],[Дата]],4)),VALUE(MID(ТаблицаВыработки[[#This Row],[Дата]],4,2)),VALUE(LEFT(ТаблицаВыработки[[#This Row],[Дата]],2))),рапорт!$D:$D,LOWER(ТаблицаВыработки[[#This Row],[Тип смены]])&"*",рапорт!$E:$E,LEFT(ТаблицаВыработки[[#This Row],[Мастер]],SEARCH(" ",ТаблицаВыработки[[#This Row],[Мастер]]&" ")-1)&"*") | J3: =SUMIFS(рапорт!$L:$L,рапорт!$A:$A,DATE(VALUE(RIGHT(ТаблицаВыработки[[#This Row],[Дата]],4)),VALUE(MID(ТаблицаВыработки[[#This Row],[Дата]],4,2)),VALUE(LEFT(ТаблицаВыработки[[#This Row],[Дата]],2))),рапорт!$D:$D,LOWER(ТаблицаВыработки[[#This Row],[Тип смены]])&"*",рапорт!$E:$E,LEFT(ТаблицаВыработки[[#This Row],[Мастер]],SEARCH(" ",ТаблицаВыработки[[#This Row],[Мастер]]&" ")-1)&"*")
A4: 03.06.2026 | B4: =IF(ТаблицаВыработки[[#This Row],[Дата]]="","",DATE(VALUE(RIGHT(ТаблицаВыработки[[#This Row],[Дата]],4)),VALUE(MID(ТаблицаВыработки[[#This Row],[Дата]],4,2)),1)) | C4: День | D4: Линия 2 | E4: Монаев С. | F4: 2 | G4: 2700 | H4: 800 | I4: =SUMIFS(рапорт!$K:$K,рапорт!$A:$A,DATE(VALUE(RIGHT(ТаблицаВыработки[[#This Row],[Дата]],4)),VALUE(MID(ТаблицаВыработки[[#This Row],[Дата]],4,2)),VALUE(LEFT(ТаблицаВыработки[[#This Row],[Дата]],2))),рапорт!$D:$D,LOWER(ТаблицаВыработки[[#This Row],[Тип смены]])&"*",рапорт!$E:$E,LEFT(ТаблицаВыработки[[#This Row],[Мастер]],SEARCH(" ",ТаблицаВыработки[[#This Row],[Мастер]]&" ")-1)&"*") | J4: =SUMIFS(рапорт!$L:$L,рапорт!$A:$A,DATE(VALUE(RIGHT(ТаблицаВыработки[[#This Row],[Дата]],4)),VALUE(MID(ТаблицаВыработки[[#This Row],[Дата]],4,2)),VALUE(LEFT(ТаблицаВыработки[[#This Row],[Дата]],2))),рапорт!$D:$D,LOWER(ТаблицаВыработки[[#This Row],[Тип смены]])&"*",рапорт!$E:$E,LEFT(ТаблицаВыработки[[#This Row],[Мастер]],SEARCH(" ",ТаблицаВыработки[[#This Row],[Мастер]]&" ")-1)&"*")
A5: 03.06.2026 | B5: =IF(ТаблицаВыработки[[#This Row],[Дата]]="","",DATE(VALUE(RIGHT(ТаблицаВыработки[[#This Row],[Дата]],4)),VALUE(MID(ТаблицаВыработки[[#This Row],[Дата]],4,2)),1)) | C5: Ночь | D5: Линия 2 | E5: Дауылбай М. | F5: 4 | G5: 3300 | H5: 1420 | I5: =SUMIFS(рапорт!$K:$K,рапорт!$A:$A,DATE(VALUE(RIGHT(ТаблицаВыработки[[#This Row],[Дата]],4)),VALUE(MID(ТаблицаВыработки[[#This Row],[Дата]],4,2)),VALUE(LEFT(ТаблицаВыработки[[#This Row],[Дата]],2))),рапорт!$D:$D,LOWER(ТаблицаВыработки[[#This Row],[Тип смены]])&"*",рапорт!$E:$E,LEFT(ТаблицаВыработки[[#This Row],[Мастер]],SEARCH(" ",ТаблицаВыработки[[#This Row],[Мастер]]&" ")-1)&"*") | J5: =SUMIFS(рапорт!$L:$L,рапорт!$A:$A,DATE(VALUE(RIGHT(ТаблицаВыработки[[#This Row],[Дата]],4)),VALUE(MID(ТаблицаВыработки[[#This Row],[Дата]],4,2)),VALUE(LEFT(ТаблицаВыработки[[#This Row],[Дата]],2))),рапорт!$D:$D,LOWER(ТаблицаВыработки[[#This Row],[Тип смены]])&"*",рапорт!$E:$E,LEFT(ТаблицаВыработки[[#This Row],[Мастер]],SEARCH(" ",ТаблицаВыработки[[#This Row],[Мастер]]&" ")-1)&"*")
A6: 04.06.2026 | B6: =IF(ТаблицаВыработки[[#This Row],[Дата]]="","",DATE(VALUE(RIGHT(ТаблицаВыработки[[#This Row],[Дата]],4)),VALUE(MID(ТаблицаВыработки[[#This Row],[Дата]],4,2)),1)) | C6: День | D6: Линия 2 | E6: Бекбосынов Р. | F6: 1 | G6: 2700 | H6: 390 | I6: =SUMIFS(рапорт!$K:$K,рапорт!$A:$A,DATE(VALUE(RIGHT(ТаблицаВыработки[[#This Row],[Дата]],4)),VALUE(MID(ТаблицаВыработки[[#This Row],[Дата]],4,2)),VALUE(LEFT(ТаблицаВыработки[[#This Row],[Дата]],2))),рапорт!$D:$D,LOWER(ТаблицаВыработки[[#This Row],[Тип смены]])&"*",рапорт!$E:$E,LEFT(ТаблицаВыработки[[#This Row],[Мастер]],SEARCH(" ",ТаблицаВыработки[[#This Row],[Мастер]]&" ")-1)&"*") | J6: =SUMIFS(рапорт!$L:$L,рапорт!$A:$A,DATE(VALUE(RIGHT(ТаблицаВыработки[[#This Row],[Дата]],4)),VALUE(MID(ТаблицаВыработки[[#This Row],[Дата]],4,2)),VALUE(LEFT(ТаблицаВыработки[[#This Row],[Дата]],2))),рапорт!$D:$D,LOWER(ТаблицаВыработки[[#This Row],[Тип смены]])&"*",рапорт!$E:$E,LEFT(ТаблицаВыработки[[#This Row],[Мастер]],SEARCH(" ",ТаблицаВыработки[[#This Row],[Мастер]]&" ")-1)&"*")
A7: 04.06.2026 | B7: =IF(ТаблицаВыработки[[#This Row],[Дата]]="","",DATE(VALUE(RIGHT(ТаблицаВыработки[[#This Row],[Дата]],4)),VALUE(MID(ТаблицаВыработки[[#This Row],[Дата]],4,2)),1)) | C7: Ночь | D7: Линия 2 | E7: Монаев С. | F7: 2 | G7: 3300 | H7: 2280 | I7: =SUMIFS(рапорт!$K:$K,рапорт!$A:$A,DATE(VALUE(RIGHT(ТаблицаВыработки[[#This Row],[Дата]],4)),VALUE(MID(ТаблицаВыработки[[#This Row],[Дата]],4,2)),VALUE(LEFT(ТаблицаВыработки[[#This Row],[Дата]],2))),рапорт!$D:$D,LOWER(ТаблицаВыработки[[#This Row],[Тип смены]])&"*",рапорт!$E:$E,LEFT(ТаблицаВыработки[[#This Row],[Мастер]],SEARCH(" ",ТаблицаВыработки[[#This Row],[Мастер]]&" ")-1)&"*") | J7: =SUMIFS(рапорт!$L:$L,рапорт!$A:$A,DATE(VALUE(RIGHT(ТаблицаВыработки[[#This Row],[Дата]],4)),VALUE(MID(ТаблицаВыработки[[#This Row],[Дата]],4,2)),VALUE(LEFT(ТаблицаВыработки[[#This Row],[Дата]],2))),рапорт!$D:$D,LOWER(ТаблицаВыработки[[#This Row],[Тип смены]])&"*",рапорт!$E:$E,LEFT(ТаблицаВыработки[[#This Row],[Мастер]],SEARCH(" ",ТаблицаВыработки[[#This Row],[Мастер]]&" ")-1)&"*")
A8: 05.06.2026 | B8: =IF(ТаблицаВыработки[[#This Row],[Дата]]="","",DATE(VALUE(RIGHT(ТаблицаВыработки[[#This Row],[Дата]],4)),VALUE(MID(ТаблицаВыработки[[#This Row],[Дата]],4,2)),1)) | C8: Ночь | D8: Линия 2 | E8: Бекбосынов Р. | F8: 1 | G8: 3300 | H8: 3200 | I8: =SUMIFS(рапорт!$K:$K,рапорт!$A:$A,DATE(VALUE(RIGHT(ТаблицаВыработки[[#This Row],[Дата]],4)),VALUE(MID(ТаблицаВыработки[[#This Row],[Дата]],4,2)),VALUE(LEFT(ТаблицаВыработки[[#This Row],[Дата]],2))),рапорт!$D:$D,LOWER(ТаблицаВыработки[[#This Row],[Тип смены]])&"*",рапорт!$E:$E,LEFT(ТаблицаВыработки[[#This Row],[Мастер]],SEARCH(" ",ТаблицаВыработки[[#This Row],[Мастер]]&" ")-1)&"*") | J8: =SUMIFS(рапорт!$L:$L,рапорт!$A:$A,DATE(VALUE(RIGHT(ТаблицаВыработки[[#This Row],[Дата]],4)),VALUE(MID(ТаблицаВыработки[[#This Row],[Дата]],4,2)),VALUE(LEFT(ТаблицаВыработки[[#This Row],[Дата]],2))),рапорт!$D:$D,LOWER(ТаблицаВыработки[[#This Row],[Тип смены]])&"*",рапорт!$E:$E,LEFT(ТаблицаВыработки[[#This Row],[Мастер]],SEARCH(" ",ТаблицаВыработки[[#This Row],[Мастер]]&" ")-1)&"*")
A9: 05.06.2026 | B9: =IF(ТаблицаВыработки[[#This Row],[Дата]]="","",DATE(VALUE(RIGHT(ТаблицаВыработки[[#This Row],[Дата]],4)),VALUE(MID(ТаблицаВыработки[[#This Row],[Дата]],4,2)),1)) | C9: День | D9: Линия 2 | E9: Султанулы С. | F9: 3 | G9: 2700 | H9: 2488 | I9: =SUMIFS(рапорт!$K:$K,рапорт!$A:$A,DATE(VALUE(RIGHT(ТаблицаВыработки[[#This Row],[Дата]],4)),VALUE(MID(ТаблицаВыработки[[#This Row],[Дата]],4,2)),VALUE(LEFT(ТаблицаВыработки[[#This Row],[Дата]],2))),рапорт!$D:$D,LOWER(ТаблицаВыработки[[#This Row],[Тип смены]])&"*",рапорт!$E:$E,LEFT(ТаблицаВыработки[[#This Row],[Мастер]],SEARCH(" ",ТаблицаВыработки[[#This Row],[Мастер]]&" ")-1)&"*") | J9: =SUMIFS(рапорт!$L:$L,рапорт!$A:$A,DATE(VALUE(RIGHT(ТаблицаВыработки[[#This Row],[Дата]],4)),VALUE(MID(ТаблицаВыработки[[#This Row],[Дата]],4,2)),VALUE(LEFT(ТаблицаВыработки[[#This Row],[Дата]],2))),рапорт!$D:$D,LOWER(ТаблицаВыработки[[#This Row],[Тип смены]])&"*",рапорт!$E:$E,LEFT(ТаблицаВыработки[[#This Row],[Мастер]],SEARCH(" ",ТаблицаВыработки[[#This Row],[Мастер]]&" ")-1)&"*")
A10: 06.06.2026 | B10: =IF(ТаблицаВыработки[[#This Row],[Дата]]="","",DATE(VALUE(RIGHT(ТаблицаВыработки[[#This Row],[Дата]],4)),VALUE(MID(ТаблицаВыработки[[#This Row],[Дата]],4,2)),1)) | C10: Ночь | D10: Линия 2 | E10: Султанулы С. | F10: 3 | G10: 3300 | H10: 2856 | I10: =SUMIFS(рапорт!$K:$K,рапорт!$A:$A,DATE(VALUE(RIGHT(ТаблицаВыработки[[#This Row],[Дата]],4)),VALUE(MID(ТаблицаВыработки[[#This Row],[Дата]],4,2)),VALUE(LEFT(ТаблицаВыработки[[#This Row],[Дата]],2))),рапорт!$D:$D,LOWER(ТаблицаВыработки[[#This Row],[Тип смены]])&"*",рапорт!$E:$E,LEFT(ТаблицаВыработки[[#This Row],[Мастер]],SEARCH(" ",ТаблицаВыработки[[#This Row],[Мастер]]&" ")-1)&"*") | J10: =SUMIFS(рапорт!$L:$L,рапорт!$A:$A,DATE(VALUE(RIGHT(ТаблицаВыработки[[#This Row],[Дата]],4)),VALUE(MID(ТаблицаВыработки[[#This Row],[Дата]],4,2)),VALUE(LEFT(ТаблицаВыработки[[#This Row],[Дата]],2))),рапорт!$D:$D,LOWER(ТаблицаВыработки[[#This Row],[Тип смены]])&"*",рапорт!$E:$E,LEFT(ТаблицаВыработки[[#This Row],[Мастер]],SEARCH(" ",ТаблицаВыработки[[#This Row],[Мастер]]&" ")-1)&"*")
A11: 06.06.2026 | B11: =IF(ТаблицаВыработки[[#This Row],[Дата]]="","",DATE(VALUE(RIGHT(ТаблицаВыработки[[#This Row],[Дата]],4)),VALUE(MID(ТаблицаВыработки[[#This Row],[Дата]],4,2)),1)) | C11: День | D11: Линия 2 | E11: Дауылбай М. | F11: 4 | G11: 2700 | H11: 2800 | I11: =SUMIFS(рапорт!$K:$K,рапорт!$A:$A,DATE(VALUE(RIGHT(ТаблицаВыработки[[#This Row],[Дата]],4)),VALUE(MID(ТаблицаВыработки[[#This Row],[Дата]],4,2)),VALUE(LEFT(ТаблицаВыработки[[#This Row],[Дата]],2))),рапорт!$D:$D,LOWER(ТаблицаВыработки[[#This Row],[Тип смены]])&"*",рапорт!$E:$E,LEFT(ТаблицаВыработки[[#This Row],[Мастер]],SEARCH(" ",ТаблицаВыработки[[#This Row],[Мастер]]&" ")-1)&"*") | J11: =SUMIFS(рапорт!$L:$L,рапорт!$A:$A,DATE(VALUE(RIGHT(ТаблицаВыработки[[#This Row],[Дата]],4)),VALUE(MID(ТаблицаВыработки[[#This Row],[Дата]],4,2)),VALUE(LEFT(ТаблицаВыработки[[#This Row],[Дата]],2))),рапорт!$D:$D,LOWER(ТаблицаВыработки[[#This Row],[Тип смены]])&"*",рапорт!$E:$E,LEFT(ТаблицаВыработки[[#This Row],[Мастер]],SEARCH(" ",ТаблицаВыработки[[#This Row],[Мастер]]&" ")-1)&"*")
A12: 07.06.2026 | B12: =IF(ТаблицаВыработки[[#This Row],[Дата]]="","",DATE(VALUE(RIGHT(ТаблицаВыработки[[#This Row],[Дата]],4)),VALUE(MID(ТаблицаВыработки[[#This Row],[Дата]],4,2)),1)) | C12: День | D12: Линия 2 | E12: Монаев С. | F12: 2 | G12: 2700 | H12: 1890 | I12: =SUMIFS(рапорт!$K:$K,рапорт!$A:$A,DATE(VALUE(RIGHT(ТаблицаВыработки[[#This Row],[Дата]],4)),VALUE(MID(ТаблицаВыработки[[#This Row],[Дата]],4,2)),VALUE(LEFT(ТаблицаВыработки[[#This Row],[Дата]],2))),рапорт!$D:$D,LOWER(ТаблицаВыработки[[#This Row],[Тип смены]])&"*",рапорт!$E:$E,LEFT(ТаблицаВыработки[[#This Row],[Мастер]],SEARCH(" ",ТаблицаВыработки[[#This Row],[Мастер]]&" ")-1)&"*") | J12: =SUMIFS(рапорт!$L:$L,рапорт!$A:$A,DATE(VALUE(RIGHT(ТаблицаВыработки[[#This Row],[Дата]],4)),VALUE(MID(ТаблицаВыработки[[#This Row],[Дата]],4,2)),VALUE(LEFT(ТаблицаВыработки[[#This Row],[Дата]],2))),рапорт!$D:$D,LOWER(ТаблицаВыработки[[#This Row],[Тип смены]])&"*",рапорт!$E:$E,LEFT(ТаблицаВыработки[[#This Row],[Мастер]],SEARCH(" ",ТаблицаВыработки[[#This Row],[Мастер]]&" ")-1)&"*")
A13: 07.06.2026 | B13: =IF(ТаблицаВыработки[[#This Row],[Дата]]="","",DATE(VALUE(RIGHT(ТаблицаВыработки[[#This Row],[Дата]],4)),VALUE(MID(ТаблицаВыработки[[#This Row],[Дата]],4,2)),1)) | C13: Ночь | D13: Линия 2 | E13: Дауылбай М. | F13: 4 | G13: 3300 | H13: 3070 | I13: =SUMIFS(рапорт!$K:$K,рапорт!$A:$A,DATE(VALUE(RIGHT(ТаблицаВыработки[[#This Row],[Дата]],4)),VALUE(MID(ТаблицаВыработки[[#This Row],[Дата]],4,2)),VALUE(LEFT(ТаблицаВыработки[[#This Row],[Дата]],2))),рапорт!$D:$D,LOWER(ТаблицаВыработки[[#This Row],[Тип смены]])&"*",рапорт!$E:$E,LEFT(ТаблицаВыработки[[#This Row],[Мастер]],SEARCH(" ",ТаблицаВыработки[[#This Row],[Мастер]]&" ")-1)&"*") | J13: =SUMIFS(рапорт!$L:$L,рапорт!$A:$A,DATE(VALUE(RIGHT(ТаблицаВыработки[[#This Row],[Дата]],4)),VALUE(MID(ТаблицаВыработки[[#This Row],[Дата]],4,2)),VALUE(LEFT(ТаблицаВыработки[[#This Row],[Дата]],2))),рапорт!$D:$D,LOWER(ТаблицаВыработки[[#This Row],[Тип смены]])&"*",рапорт!$E:$E,LEFT(ТаблицаВыработки[[#This Row],[Мастер]],SEARCH(" ",ТаблицаВыработки[[#This Row],[Мастер]]&" ")-1)&"*")
... A33: 18.06.2026 | B33: =IF(ТаблицаВыработки[[#This Row],[Дата]]="","",DATE(VALUE(RIGHT(ТаблицаВыработки[[#This Row],[Дата]],4)),VALUE(MID(ТаблицаВыработки[[#This Row],[Дата]],4,2)),1)) | C33: День | D33: Линия 2 | E33: Дауылбай М. | F33: 4 | G33: 2700 | H33: 940 | I33: =SUMIFS(рапорт!$K:$K,рапорт!$A:$A,DATE(VALUE(RIGHT(ТаблицаВыработки[[#This Row],[Дата]],4)),VALUE(MID(ТаблицаВыработки[[#This Row],[Дата]],4,2)),VALUE(LEFT(ТаблицаВыработки[[#This Row],[Дата]],2))),рапорт!$D:$D,LOWER(ТаблицаВыработки[[#This Row],[Тип смены]])&"*",рапорт!$E:$E,LEFT(ТаблицаВыработки[[#This Row],[Мастер]],SEARCH(" ",ТаблицаВыработки[[#This Row],[Мастер]]&" ")-1)&"*") | J33: =SUMIFS(рапорт!$L:$L,рапорт!$A:$A,DATE(VALUE(RIGHT(ТаблицаВыработки[[#This Row],[Дата]],4)),VALUE(MID(ТаблицаВыработки[[#This Row],[Дата]],4,2)),VALUE(LEFT(ТаблицаВыработки[[#This Row],[Дата]],2))),рапорт!$D:$D,LOWER(ТаблицаВыработки[[#This Row],[Тип смены]])&"*",рапорт!$E:$E,LEFT(ТаблицаВыработки[[#This Row],[Мастер]],SEARCH(" ",ТаблицаВыработки[[#This Row],[Мастер]]&" ")-1)&"*")
A34: 19.06.2026 | B34: =IF(ТаблицаВыработки[[#This Row],[Дата]]="","",DATE(VALUE(RIGHT(ТаблицаВыработки[[#This Row],[Дата]],4)),VALUE(MID(ТаблицаВыработки[[#This Row],[Дата]],4,2)),1)) | C34: День | D34: Линия 2 | E34: Монаев С. | F34: 2 | G34: 2700 | I34: =SUMIFS(рапорт!$K:$K,рапорт!$A:$A,DATE(VALUE(RIGHT(ТаблицаВыработки[[#This Row],[Дата]],4)),VALUE(MID(ТаблицаВыработки[[#This Row],[Дата]],4,2)),VALUE(LEFT(ТаблицаВыработки[[#This Row],[Дата]],2))),рапорт!$D:$D,LOWER(ТаблицаВыработки[[#This Row],[Тип смены]])&"*",рапорт!$E:$E,LEFT(ТаблицаВыработки[[#This Row],[Мастер]],SEARCH(" ",ТаблицаВыработки[[#This Row],[Мастер]]&" ")-1)&"*") | J34: =SUMIFS(рапорт!$L:$L,рапорт!$A:$A,DATE(VALUE(RIGHT(ТаблицаВыработки[[#This Row],[Дата]],4)),VALUE(MID(ТаблицаВыработки[[#This Row],[Дата]],4,2)),VALUE(LEFT(ТаблицаВыработки[[#This Row],[Дата]],2))),рапорт!$D:$D,LOWER(ТаблицаВыработки[[#This Row],[Тип смены]])&"*",рапорт!$E:$E,LEFT(ТаблицаВыработки[[#This Row],[Мастер]],SEARCH(" ",ТаблицаВыработки[[#This Row],[Мастер]]&" ")-1)&"*")
A35: 20.06.2026 | B35: =IF(ТаблицаВыработки[[#This Row],[Дата]]="","",DATE(VALUE(RIGHT(ТаблицаВыработки[[#This Row],[Дата]],4)),VALUE(MID(ТаблицаВыработки[[#This Row],[Дата]],4,2)),1)) | C35: День | D35: Линия 2 | E35: Бекбосынов Р. | F35: 1 | G35: 2700 | H35: 2480 | I35: =SUMIFS(рапорт!$K:$K,рапорт!$A:$A,DATE(VALUE(RIGHT(ТаблицаВыработки[[#This Row],[Дата]],4)),VALUE(MID(ТаблицаВыработки[[#This Row],[Дата]],4,2)),VALUE(LEFT(ТаблицаВыработки[[#This Row],[Дата]],2))),рапорт!$D:$D,LOWER(ТаблицаВыработки[[#This Row],[Тип смены]])&"*",рапорт!$E:$E,LEFT(ТаблицаВыработки[[#This Row],[Мастер]],SEARCH(" ",ТаблицаВыработки[[#This Row],[Мастер]]&" ")-1)&"*") | J35: =SUMIFS(рапорт!$L:$L,рапорт!$A:$A,DATE(VALUE(RIGHT(ТаблицаВыработки[[#This Row],[Дата]],4)),VALUE(MID(ТаблицаВыработки[[#This Row],[Дата]],4,2)),VALUE(LEFT(ТаблицаВыработки[[#This Row],[Дата]],2))),рапорт!$D:$D,LOWER(ТаблицаВыработки[[#This Row],[Тип смены]])&"*",рапорт!$E:$E,LEFT(ТаблицаВыработки[[#This Row],[Мастер]],SEARCH(" ",ТаблицаВыработки[[#This Row],[Мастер]]&" ")-1)&"*")
A36: 20.06.2026 | B36: =IF(ТаблицаВыработки[[#This Row],[Дата]]="","",DATE(VALUE(RIGHT(ТаблицаВыработки[[#This Row],[Дата]],4)),VALUE(MID(ТаблицаВыработки[[#This Row],[Дата]],4,2)),1)) | C36: Ночь | D36: Линия 2 | E36: Монаев С. | F36: 2 | G36: 3300 | I36: =SUMIFS(рапорт!$K:$K,рапорт!$A:$A,DATE(VALUE(RIGHT(ТаблицаВыработки[[#This Row],[Дата]],4)),VALUE(MID(ТаблицаВыработки[[#This Row],[Дата]],4,2)),VALUE(LEFT(ТаблицаВыработки[[#This Row],[Дата]],2))),рапорт!$D:$D,LOWER(ТаблицаВыработки[[#This Row],[Тип смены]])&"*",рапорт!$E:$E,LEFT(ТаблицаВыработки[[#This Row],[Мастер]],SEARCH(" ",ТаблицаВыработки[[#This Row],[Мастер]]&" ")-1)&"*") | J36: =SUMIFS(рапорт!$L:$L,рапорт!$A:$A,DATE(VALUE(RIGHT(ТаблицаВыработки[[#This Row],[Дата]],4)),VALUE(MID(ТаблицаВыработки[[#This Row],[Дата]],4,2)),VALUE(LEFT(ТаблицаВыработки[[#This Row],[Дата]],2))),рапорт!$D:$D,LOWER(ТаблицаВыработки[[#This Row],[Тип смены]])&"*",рапорт!$E:$E,LEFT(ТаблицаВыработки[[#This Row],[Мастер]],SEARCH(" ",ТаблицаВыработки[[#This Row],[Мастер]]&" ")-1)&"*")
A37: 20.06.2026 | B37: =IF(ТаблицаВыработки[[#This Row],[Дата]]="","",DATE(VALUE(RIGHT(ТаблицаВыработки[[#This Row],[Дата]],4)),VALUE(MID(ТаблицаВыработки[[#This Row],[Дата]],4,2)),1)) | C37: Ночь | D37: Линия 2 | E37: Дауылбай М. | F37: 4 | G37: 3300 | H37: 3140 | I37: =SUMIFS(рапорт!$K:$K,рапорт!$A:$A,DATE(VALUE(RIGHT(ТаблицаВыработки[[#This Row],[Дата]],4)),VALUE(MID(ТаблицаВыработки[[#This Row],[Дата]],4,2)),VALUE(LEFT(ТаблицаВыработки[[#This Row],[Дата]],2))),рапорт!$D:$D,LOWER(ТаблицаВыработки[[#This Row],[Тип смены]])&"*",рапорт!$E:$E,LEFT(ТаблицаВыработки[[#This Row],[Мастер]],SEARCH(" ",ТаблицаВыработки[[#This Row],[Мастер]]&" ")-1)&"*") | J37: =SUMIFS(рапорт!$L:$L,рапорт!$A:$A,DATE(VALUE(RIGHT(ТаблицаВыработки[[#This Row],[Дата]],4)),VALUE(MID(ТаблицаВыработки[[#This Row],[Дата]],4,2)),VALUE(LEFT(ТаблицаВыработки[[#This Row],[Дата]],2))),рапорт!$D:$D,LOWER(ТаблицаВыработки[[#This Row],[Тип смены]])&"*",рапорт!$E:$E,LEFT(ТаблицаВыработки[[#This Row],[Мастер]],SEARCH(" ",ТаблицаВыработки[[#This Row],[Мастер]]&" ")-1)&"*")
A38: 21.06.2026 | B38: =IF(ТаблицаВыработки[[#This Row],[Дата]]="","",DATE(VALUE(RIGHT(ТаблицаВыработки[[#This Row],[Дата]],4)),VALUE(MID(ТаблицаВыработки[[#This Row],[Дата]],4,2)),1)) | C38: Ночь | D38: Линия 2 | E38: Бекбосынов Р. | F38: 1 | G38: 3300 | I38: =SUMIFS(рапорт!$K:$K,рапорт!$A:$A,DATE(VALUE(RIGHT(ТаблицаВыработки[[#This Row],[Дата]],4)),VALUE(MID(ТаблицаВыработки[[#This Row],[Дата]],4,2)),VALUE(LEFT(ТаблицаВыработки[[#This Row],[Дата]],2))),рапорт!$D:$D,LOWER(ТаблицаВыработки[[#This Row],[Тип смены]])&"*",рапорт!$E:$E,LEFT(ТаблицаВыработки[[#This Row],[Мастер]],SEARCH(" ",ТаблицаВыработки[[#This Row],[Мастер]]&" ")-1)&"*") | J38: =SUMIFS(рапорт!$L:$L,рапорт!$A:$A,DATE(VALUE(RIGHT(ТаблицаВыработки[[#This Row],[Дата]],4)),VALUE(MID(ТаблицаВыработки[[#This Row],[Дата]],4,2)),VALUE(LEFT(ТаблицаВыработки[[#This Row],[Дата]],2))),рапорт!$D:$D,LOWER(ТаблицаВыработки[[#This Row],[Тип смены]])&"*",рапорт!$E:$E,LEFT(ТаблицаВыработки[[#This Row],[Мастер]],SEARCH(" ",ТаблицаВыработки[[#This Row],[Мастер]]&" ")-1)&"*")
A39: 21.06.2026 | B39: =IF(ТаблицаВыработки[[#This Row],[Дата]]="","",DATE(VALUE(RIGHT(ТаблицаВыработки[[#This Row],[Дата]],4)),VALUE(MID(ТаблицаВыработки[[#This Row],[Дата]],4,2)),1)) | C39: День | D39: Линия 2 | E39: Султанулы С. | F39: 3 | G39: 2700 | I39: =SUMIFS(рапорт!$K:$K,рапорт!$A:$A,DATE(VALUE(RIGHT(ТаблицаВыработки[[#This Row],[Дата]],4)),VALUE(MID(ТаблицаВыработки[[#This Row],[Дата]],4,2)),VALUE(LEFT(ТаблицаВыработки[[#This Row],[Дата]],2))),рапорт!$D:$D,LOWER(ТаблицаВыработки[[#This Row],[Тип смены]])&"*",рапорт!$E:$E,LEFT(ТаблицаВыработки[[#This Row],[Мастер]],SEARCH(" ",ТаблицаВыработки[[#This Row],[Мастер]]&" ")-1)&"*") | J39: =SUMIFS(рапорт!$L:$L,рапорт!$A:$A,DATE(VALUE(RIGHT(ТаблицаВыработки[[#This Row],[Дата]],4)),VALUE(MID(ТаблицаВыработки[[#This Row],[Дата]],4,2)),VALUE(LEFT(ТаблицаВыработки[[#This Row],[Дата]],2))),рапорт!$D:$D,LOWER(ТаблицаВыработки[[#This Row],[Тип смены]])&"*",рапорт!$E:$E,LEFT(ТаблицаВыработки[[#This Row],[Мастер]],SEARCH(" ",ТаблицаВыработки[[#This Row],[Мастер]]&" ")-1)&"*")
A40: 22.06.2026 | B40: =IF(ТаблицаВыработки[[#This Row],[Дата]]="","",DATE(VALUE(RIGHT(ТаблицаВыработки[[#This Row],[Дата]],4)),VALUE(MID(ТаблицаВыработки[[#This Row],[Дата]],4,2)),1)) | C40: Ночь | D40: Линия 2 | E40: Султанулы С. | F40: 3 | G40: 3300 | I40: =SUMIFS(рапорт!$K:$K,рапорт!$A:$A,DATE(VALUE(RIGHT(ТаблицаВыработки[[#This Row],[Дата]],4)),VALUE(MID(ТаблицаВыработки[[#This Row],[Дата]],4,2)),VALUE(LEFT(ТаблицаВыработки[[#This Row],[Дата]],2))),рапорт!$D:$D,LOWER(ТаблицаВыработки[[#This Row],[Тип смены]])&"*",рапорт!$E:$E,LEFT(ТаблицаВыработки[[#This Row],[Мастер]],SEARCH(" ",ТаблицаВыработки[[#This Row],[Мастер]]&" ")-1)&"*") | J40: =SUMIFS(рапорт!$L:$L,рапорт!$A:$A,DATE(VALUE(RIGHT(ТаблицаВыработки[[#This Row],[Дата]],4)),VALUE(MID(ТаблицаВыработки[[#This Row],[Дата]],4,2)),VALUE(LEFT(ТаблицаВыработки[[#This Row],[Дата]],2))),рапорт!$D:$D,LOWER(ТаблицаВыработки[[#This Row],[Тип смены]])&"*",рапорт!$E:$E,LEFT(ТаблицаВыработки[[#This Row],[Мастер]],SEARCH(" ",ТаблицаВыработки[[#This Row],[Мастер]]&" ")-1)&"*")
A41: 22.06.2026 | B41: =IF(ТаблицаВыработки[[#This Row],[Дата]]="","",DATE(VALUE(RIGHT(ТаблицаВыработки[[#This Row],[Дата]],4)),VALUE(MID(ТаблицаВыработки[[#This Row],[Дата]],4,2)),1)) | C41: День | D41: Линия 2 | E41: Дауылбай М. | F41: 4 | G41: 0 | H41: 54 | I41: =SUMIFS(рапорт!$K:$K,рапорт!$A:$A,DATE(VALUE(RIGHT(ТаблицаВыработки[[#This Row],[Дата]],4)),VALUE(MID(ТаблицаВыработки[[#This Row],[Дата]],4,2)),VALUE(LEFT(ТаблицаВыработки[[#This Row],[Дата]],2))),рапорт!$D:$D,LOWER(ТаблицаВыработки[[#This Row],[Тип смены]])&"*",рапорт!$E:$E,LEFT(ТаблицаВыработки[[#This Row],[Мастер]],SEARCH(" ",ТаблицаВыработки[[#This Row],[Мастер]]&" ")-1)&"*") | J41: =SUMIFS(рапорт!$L:$L,рапорт!$A:$A,DATE(VALUE(RIGHT(ТаблицаВыработки[[#This Row],[Дата]],4)),VALUE(MID(ТаблицаВыработки[[#This Row],[Дата]],4,2)),VALUE(LEFT(ТаблицаВыработки[[#This Row],[Дата]],2))),рапорт!$D:$D,LOWER(ТаблицаВыработки[[#This Row],[Тип смены]])&"*",рапорт!$E:$E,LEFT(ТаблицаВыработки[[#This Row],[Мастер]],SEARCH(" ",ТаблицаВыработки[[#This Row],[Мастер]]&" ")-1)&"*")
A42: 23.06.2026 | B42: =IF(ТаблицаВыработки[[#This Row],[Дата]]="","",DATE(VALUE(RIGHT(ТаблицаВыработки[[#This Row],[Дата]],4)),VALUE(MID(ТаблицаВыработки[[#This Row],[Дата]],4,2)),1)) | C42: День | D42: Линия 2 | E42: Монаев С. | F42: 2 | G42: 2700 | I42: =SUMIFS(рапорт!$K:$K,рапорт!$A:$A,DATE(VALUE(RIGHT(ТаблицаВыработки[[#This Row],[Дата]],4)),VALUE(MID(ТаблицаВыработки[[#This Row],[Дата]],4,2)),VALUE(LEFT(ТаблицаВыработки[[#This Row],[Дата]],2))),рапорт!$D:$D,LOWER(ТаблицаВыработки[[#This Row],[Тип смены]])&"*",рапорт!$E:$E,LEFT(ТаблицаВыработки[[#This Row],[Мастер]],SEARCH(" ",ТаблицаВыработки[[#This Row],[Мастер]]&" ")-1)&"*") | J42: =SUMIFS(рапорт!$L:$L,рапорт!$A:$A,DATE(VALUE(RIGHT(ТаблицаВыработки[[#This Row],[Дата]],4)),VALUE(MID(ТаблицаВыработки[[#This Row],[Дата]],4,2)),VALUE(LEFT(ТаблицаВыработки[[#This Row],[Дата]],2))),рапорт!$D:$D,LOWER(ТаблицаВыработки[[#This Row],[Тип смены]])&"*",рапорт!$E:$E,LEFT(ТаблицаВыработки[[#This Row],[Мастер]],SEARCH(" ",ТаблицаВыработки[[#This Row],[Мастер]]&" ")-1)&"*")
A43: 24.06.2026 | B43: =IF(ТаблицаВыработки[[#This Row],[Дата]]="","",DATE(VALUE(RIGHT(ТаблицаВыработки[[#This Row],[Дата]],4)),VALUE(MID(ТаблицаВыработки[[#This Row],[Дата]],4,2)),1)) | C43: День | D43: Линия 2 | E43: Бекбосынов Р. | F43: 1 | G43: 2700 | I43: =SUMIFS(рапорт!$K:$K,рапорт!$A:$A,DATE(VALUE(RIGHT(ТаблицаВыработки[[#This Row],[Дата]],4)),VALUE(MID(ТаблицаВыработки[[#This Row],[Дата]],4,2)),VALUE(LEFT(ТаблицаВыработки[[#This Row],[Дата]],2))),рапорт!$D:$D,LOWER(ТаблицаВыработки[[#This Row],[Тип смены]])&"*",рапорт!$E:$E,LEFT(ТаблицаВыработки[[#This Row],[Мастер]],SEARCH(" ",ТаблицаВыработки[[#This Row],[Мастер]]&" ")-1)&"*") | J43: =SUMIFS(рапорт!$L:$L,рапорт!$A:$A,DATE(VALUE(RIGHT(ТаблицаВыработки[[#This Row],[Дата]],4)),VALUE(MID(ТаблицаВыработки[[#This Row],[Дата]],4,2)),VALUE(LEFT(ТаблицаВыработки[[#This Row],[Дата]],2))),рапорт!$D:$D,LOWER(ТаблицаВыработки[[#This Row],[Тип смены]])&"*",рапорт!$E:$E,LEFT(ТаблицаВыработки[[#This Row],[Мастер]],SEARCH(" ",ТаблицаВыработки[[#This Row],[Мастер]]&" ")-1)&"*")
A44: 24.06.2026 | B44: =IF(ТаблицаВыработки[[#This Row],[Дата]]="","",DATE(VALUE(RIGHT(ТаблицаВыработки[[#This Row],[Дата]],4)),VALUE(MID(ТаблицаВыработки[[#This Row],[Дата]],4,2)),1)) | C44: Ночь | D44: Линия 2 | E44: Монаев С. | F44: 2 | G44: 3300 | I44: =SUMIFS(рапорт!$K:$K,рапорт!$A:$A,DATE(VALUE(RIGHT(ТаблицаВыработки[[#This Row],[Дата]],4)),VALUE(MID(ТаблицаВыработки[[#This Row],[Дата]],4,2)),VALUE(LEFT(ТаблицаВыработки[[#This Row],[Дата]],2))),рапорт!$D:$D,LOWER(ТаблицаВыработки[[#This Row],[Тип смены]])&"*",рапорт!$E:$E,LEFT(ТаблицаВыработки[[#This Row],[Мастер]],SEARCH(" ",ТаблицаВыработки[[#This Row],[Мастер]]&" ")-1)&"*") | J44: =SUMIFS(рапорт!$L:$L,рапорт!$A:$A,DATE(VALUE(RIGHT(ТаблицаВыработки[[#This Row],[Дата]],4)),VALUE(MID(ТаблицаВыработки[[#This Row],[Дата]],4,2)),VALUE(LEFT(ТаблицаВыработки[[#This Row],[Дата]],2))),рапорт!$D:$D,LOWER(ТаблицаВыработки[[#This Row],[Тип смены]])&"*",рапорт!$E:$E,LEFT(ТаблицаВыработки[[#This Row],[Мастер]],SEARCH(" ",ТаблицаВыработки[[#This Row],[Мастер]]&" ")-1)&"*")
A45: 24.06.2026 | B45: =IF(ТаблицаВыработки[[#This Row],[Дата]]="","",DATE(VALUE(RIGHT(ТаблицаВыработки[[#This Row],[Дата]],4)),VALUE(MID(ТаблицаВыработки[[#This Row],[Дата]],4,2)),1)) | C45: Ночь | D45: Линия 2 | E45: Дауылбай М. | F45: 4 | G45: 3300 | I45: =SUMIFS(рапорт!$K:$K,рапорт!$A:$A,DATE(VALUE(RIGHT(ТаблицаВыработки[[#This Row],[Дата]],4)),VALUE(MID(ТаблицаВыработки[[#This Row],[Дата]],4,2)),VALUE(LEFT(ТаблицаВыработки[[#This Row],[Дата]],2))),рапорт!$D:$D,LOWER(ТаблицаВыработки[[#This Row],[Тип смены]])&"*",рапорт!$E:$E,LEFT(ТаблицаВыработки[[#This Row],[Мастер]],SEARCH(" ",ТаблицаВыработки[[#This Row],[Мастер]]&" ")-1)&"*") | J45: =SUMIFS(рапорт!$L:$L,рапорт!$A:$A,DATE(VALUE(RIGHT(ТаблицаВыработки[[#This Row],[Дата]],4)),VALUE(MID(ТаблицаВыработки[[#This Row],[Дата]],4,2)),VALUE(LEFT(ТаблицаВыработки[[#This Row],[Дата]],2))),рапорт!$D:$D,LOWER(ТаблицаВыработки[[#This Row],[Тип смены]])&"*",рапорт!$E:$E,LEFT(ТаблицаВыработки[[#This Row],[Мастер]],SEARCH(" ",ТаблицаВыработки[[#This Row],[Мастер]]&" ")-1)&"*")
A46: 25.06.2026 | B46: =IF(ТаблицаВыработки[[#This Row],[Дата]]="","",DATE(VALUE(RIGHT(ТаблицаВыработки[[#This Row],[Дата]],4)),VALUE(MID(ТаблицаВыработки[[#This Row],[Дата]],4,2)),1)) | C46: Ночь | D46: Линия 2 | E46: Бекбосынов Р. | F46: 1 | G46: 3300 | I46: =SUMIFS(рапорт!$K:$K,рапорт!$A:$A,DATE(VALUE(RIGHT(ТаблицаВыработки[[#This Row],[Дата]],4)),VALUE(MID(ТаблицаВыработки[[#This Row],[Дата]],4,2)),VALUE(LEFT(ТаблицаВыработки[[#This Row],[Дата]],2))),рапорт!$D:$D,LOWER(ТаблицаВыработки[[#This Row],[Тип смены]])&"*",рапорт!$E:$E,LEFT(ТаблицаВыработки[[#This Row],[Мастер]],SEARCH(" ",ТаблицаВыработки[[#This Row],[Мастер]]&" ")-1)&"*") | J46: =SUMIFS(рапорт!$L:$L,рапорт!$A:$A,DATE(VALUE(RIGHT(ТаблицаВыработки[[#This Row],[Дата]],4)),VALUE(MID(ТаблицаВыработки[[#This Row],[Дата]],4,2)),VALUE(LEFT(ТаблицаВыработки[[#This Row],[Дата]],2))),рапорт!$D:$D,LOWER(ТаблицаВыработки[[#This Row],[Тип смены]])&"*",рапорт!$E:$E,LEFT(ТаблицаВыработки[[#This Row],[Мастер]],SEARCH(" ",ТаблицаВыработки[[#This Row],[Мастер]]&" ")-1)&"*")
A47: 25.06.2026 | B47: =IF(ТаблицаВыработки[[#This Row],[Дата]]="","",DATE(VALUE(RIGHT(ТаблицаВыработки[[#This Row],[Дата]],4)),VALUE(MID(ТаблицаВыработки[[#This Row],[Дата]],4,2)),1)) | C47: День | D47: Линия 2 | E47: Султанулы С. | F47: 3 | G47: 2700 | I47: =SUMIFS(рапорт!$K:$K,рапорт!$A:$A,DATE(VALUE(RIGHT(ТаблицаВыработки[[#This Row],[Дата]],4)),VALUE(MID(ТаблицаВыработки[[#This Row],[Дата]],4,2)),VALUE(LEFT(ТаблицаВыработки[[#This Row],[Дата]],2))),рапорт!$D:$D,LOWER(ТаблицаВыработки[[#This Row],[Тип смены]])&"*",рапорт!$E:$E,LEFT(ТаблицаВыработки[[#This Row],[Мастер]],SEARCH(" ",ТаблицаВыработки[[#This Row],[Мастер]]&" ")-1)&"*") | J47: =SUMIFS(рапорт!$L:$L,рапорт!$A:$A,DATE(VALUE(RIGHT(ТаблицаВыработки[[#This Row],[Дата]],4)),VALUE(MID(ТаблицаВыработки[[#This Row],[Дата]],4,2)),VALUE(LEFT(ТаблицаВыработки[[#This Row],[Дата]],2))),рапорт!$D:$D,LOWER(ТаблицаВыработки[[#This Row],[Тип смены]])&"*",рапорт!$E:$E,LEFT(ТаблицаВыработки[[#This Row],[Мастер]],SEARCH(" ",ТаблицаВыработки[[#This Row],[Мастер]]&" ")-1)&"*")
A48: 26.06.2026 | B48: =IF(ТаблицаВыработки[[#This Row],[Дата]]="","",DATE(VALUE(RIGHT(ТаблицаВыработки[[#This Row],[Дата]],4)),VALUE(MID(ТаблицаВыработки[[#This Row],[Дата]],4,2)),1)) | C48: Ночь | D48: Линия 2 | E48: Султанулы С. | F48: 3 | G48: 3300 | I48: =SUMIFS(рапорт!$K:$K,рапорт!$A:$A,DATE(VALUE(RIGHT(ТаблицаВыработки[[#This Row],[Дата]],4)),VALUE(MID(ТаблицаВыработки[[#This Row],[Дата]],4,2)),VALUE(LEFT(ТаблицаВыработки[[#This Row],[Дата]],2))),рапорт!$D:$D,LOWER(ТаблицаВыработки[[#This Row],[Тип смены]])&"*",рапорт!$E:$E,LEFT(ТаблицаВыработки[[#This Row],[Мастер]],SEARCH(" ",ТаблицаВыработки[[#This Row],[Мастер]]&" ")-1)&"*") | J48: =SUMIFS(рапорт!$L:$L,рапорт!$A:$A,DATE(VALUE(RIGHT(ТаблицаВыработки[[#This Row],[Дата]],4)),VALUE(MID(ТаблицаВыработки[[#This Row],[Дата]],4,2)),VALUE(LEFT(ТаблицаВыработки[[#This Row],[Дата]],2))),рапорт!$D:$D,LOWER(ТаблицаВыработки[[#This Row],[Тип смены]])&"*",рапорт!$E:$E,LEFT(ТаблицаВыработки[[#This Row],[Мастер]],SEARCH(" ",ТаблицаВыработки[[#This Row],[Мастер]]&" ")-1)&"*")
A49: 26.06.2026 | B49: =IF(ТаблицаВыработки[[#This Row],[Дата]]="","",DATE(VALUE(RIGHT(ТаблицаВыработки[[#This Row],[Дата]],4)),VALUE(MID(ТаблицаВыработки[[#This Row],[Дата]],4,2)),1)) | C49: День | D49: Линия 2 | E49: Дауылбай М. | F49: 4 | G49: 2700 | I49: =SUMIFS(рапорт!$K:$K,рапорт!$A:$A,DATE(VALUE(RIGHT(ТаблицаВыработки[[#This Row],[Дата]],4)),VALUE(MID(ТаблицаВыработки[[#This Row],[Дата]],4,2)),VALUE(LEFT(ТаблицаВыработки[[#This Row],[Дата]],2))),рапорт!$D:$D,LOWER(ТаблицаВыработки[[#This Row],[Тип смены]])&"*",рапорт!$E:$E,LEFT(ТаблицаВыработки[[#This Row],[Мастер]],SEARCH(" ",ТаблицаВыработки[[#This Row],[Мастер]]&" ")-1)&"*") | J49: =SUMIFS(рапорт!$L:$L,рапорт!$A:$A,DATE(VALUE(RIGHT(ТаблицаВыработки[[#This Row],[Дата]],4)),VALUE(MID(ТаблицаВыработки[[#This Row],[Дата]],4,2)),VALUE(LEFT(ТаблицаВыработки[[#This Row],[Дата]],2))),рапорт!$D:$D,LOWER(ТаблицаВыработки[[#This Row],[Тип смены]])&"*",рапорт!$E:$E,LEFT(ТаблицаВыработки[[#This Row],[Мастер]],SEARCH(" ",ТаблицаВыработки[[#This Row],[Мастер]]&" ")-1)&"*")
A50: 27.06.2026 | B50: =IF(ТаблицаВыработки[[#This Row],[Дата]]="","",DATE(VALUE(RIGHT(ТаблицаВыработки[[#This Row],[Дата]],4)),VALUE(MID(ТаблицаВыработки[[#This Row],[Дата]],4,2)),1)) | C50: День | D50: Линия 2 | E50: Монаев С. | F50: 2 | G50: 2700 | I50: =SUMIFS(рапорт!$K:$K,рапорт!$A:$A,DATE(VALUE(RIGHT(ТаблицаВыработки[[#This Row],[Дата]],4)),VALUE(MID(ТаблицаВыработки[[#This Row],[Дата]],4,2)),VALUE(LEFT(ТаблицаВыработки[[#This Row],[Дата]],2))),рапорт!$D:$D,LOWER(ТаблицаВыработки[[#This Row],[Тип смены]])&"*",рапорт!$E:$E,LEFT(ТаблицаВыработки[[#This Row],[Мастер]],SEARCH(" ",ТаблицаВыработки[[#This Row],[Мастер]]&" ")-1)&"*") | J50: =SUMIFS(рапорт!$L:$L,рапорт!$A:$A,DATE(VALUE(RIGHT(ТаблицаВыработки[[#This Row],[Дата]],4)),VALUE(MID(ТаблицаВыработки[[#This Row],[Дата]],4,2)),VALUE(LEFT(ТаблицаВыработки[[#This Row],[Дата]],2))),рапорт!$D:$D,LOWER(ТаблицаВыработки[[#This Row],[Тип смены]])&"*",рапорт!$E:$E,LEFT(ТаблицаВыработки[[#This Row],[Мастер]],SEARCH(" ",ТаблицаВыработки[[#This Row],[Мастер]]&" ")-1)&"*")
A51: 28.06.2026 | B51: =IF(ТаблицаВыработки[[#This Row],[Дата]]="","",DATE(VALUE(RIGHT(ТаблицаВыработки[[#This Row],[Дата]],4)),VALUE(MID(ТаблицаВыработки[[#This Row],[Дата]],4,2)),1)) | C51: День | D51: Линия 2 | E51: Бекбосынов Р. | F51: 1 | G51: 2700 | I51: =SUMIFS(рапорт!$K:$K,рапорт!$A:$A,DATE(VALUE(RIGHT(ТаблицаВыработки[[#This Row],[Дата]],4)),VALUE(MID(ТаблицаВыработки[[#This Row],[Дата]],4,2)),VALUE(LEFT(ТаблицаВыработки[[#This Row],[Дата]],2))),рапорт!$D:$D,LOWER(ТаблицаВыработки[[#This Row],[Тип смены]])&"*",рапорт!$E:$E,LEFT(ТаблицаВыработки[[#This Row],[Мастер]],SEARCH(" ",ТаблицаВыработки[[#This Row],[Мастер]]&" ")-1)&"*") | J51: =SUMIFS(рапорт!$L:$L,рапорт!$A:$A,DATE(VALUE(RIGHT(ТаблицаВыработки[[#This Row],[Дата]],4)),VALUE(MID(ТаблицаВыработки[[#This Row],[Дата]],4,2)),VALUE(LEFT(ТаблицаВыработки[[#This Row],[Дата]],2))),рапорт!$D:$D,LOWER(ТаблицаВыработки[[#This Row],[Тип смены]])&"*",рапорт!$E:$E,LEFT(ТаблицаВыработки[[#This Row],[Мастер]],SEARCH(" ",ТаблицаВыработки[[#This Row],[Мастер]]&" ")-1)&"*")
A52: 28.06.2026 | B52: =IF(ТаблицаВыработки[[#This Row],[Дата]]="","",DATE(VALUE(RIGHT(ТаблицаВыработки[[#This Row],[Дата]],4)),VALUE(MID(ТаблицаВыработки[[#This Row],[Дата]],4,2)),1)) | C52: Ночь | D52: Линия 2 | E52: Монаев С. | F52: 2 | G52: 3300 | I52: =SUMIFS(рапорт!$K:$K,рапорт!$A:$A,DATE(VALUE(RIGHT(ТаблицаВыработки[[#This Row],[Дата]],4)),VALUE(MID(ТаблицаВыработки[[#This Row],[Дата]],4,2)),VALUE(LEFT(ТаблицаВыработки[[#This Row],[Дата]],2))),рапорт!$D:$D,LOWER(ТаблицаВыработки[[#This Row],[Тип смены]])&"*",рапорт!$E:$E,LEFT(ТаблицаВыработки[[#This Row],[Мастер]],SEARCH(" ",ТаблицаВыработки[[#This Row],[Мастер]]&" ")-1)&"*") | J52: =SUMIFS(рапорт!$L:$L,рапорт!$A:$A,DATE(VALUE(RIGHT(ТаблицаВыработки[[#This Row],[Дата]],4)),VALUE(MID(ТаблицаВыработки[[#This Row],[Дата]],4,2)),VALUE(LEFT(ТаблицаВыработки[[#This Row],[Дата]],2))),рапорт!$D:$D,LOWER(ТаблицаВыработки[[#This Row],[Тип смены]])&"*",рапорт!$E:$E,LEFT(ТаблицаВыработки[[#This Row],[Мастер]],SEARCH(" ",ТаблицаВыработки[[#This Row],[Мастер]]&" ")-1)&"*")
A53: 28.06.2026 | B53: =IF(ТаблицаВыработки[[#This Row],[Дата]]="","",DATE(VALUE(RIGHT(ТаблицаВыработки[[#This Row],[Дата]],4)),VALUE(MID(ТаблицаВыработки[[#This Row],[Дата]],4,2)),1)) | C53: Ночь | D53: Линия 2 | E53: Дауылбай М. | F53: 4 | G53: 3300 | I53: =SUMIFS(рапорт!$K:$K,рапорт!$A:$A,DATE(VALUE(RIGHT(ТаблицаВыработки[[#This Row],[Дата]],4)),VALUE(MID(ТаблицаВыработки[[#This Row],[Дата]],4,2)),VALUE(LEFT(ТаблицаВыработки[[#This Row],[Дата]],2))),рапорт!$D:$D,LOWER(ТаблицаВыработки[[#This Row],[Тип смены]])&"*",рапорт!$E:$E,LEFT(ТаблицаВыработки[[#This Row],[Мастер]],SEARCH(" ",ТаблицаВыработки[[#This Row],[Мастер]]&" ")-1)&"*") | J53: =SUMIFS(рапорт!$L:$L,рапорт!$A:$A,DATE(VALUE(RIGHT(ТаблицаВыработки[[#This Row],[Дата]],4)),VALUE(MID(ТаблицаВыработки[[#This Row],[Дата]],4,2)),VALUE(LEFT(ТаблицаВыработки[[#This Row],[Дата]],2))),рапорт!$D:$D,LOWER(ТаблицаВыработки[[#This Row],[Тип смены]])&"*",рапорт!$E:$E,LEFT(ТаблицаВыработки[[#This Row],[Мастер]],SEARCH(" ",ТаблицаВыработки[[#This Row],[Мастер]]&" ")-1)&"*")
... A56: 30.06.2026 | B56: =IF(ТаблицаВыработки[[#This Row],[Дата]]="","",DATE(VALUE(RIGHT(ТаблицаВыработки[[#This Row],[Дата]],4)),VALUE(MID(ТаблицаВыработки[[#This Row],[Дата]],4,2)),1)) | C56: Ночь | D56: Линия 2 | E56: Султанулы С. | F56: 3 | G56: 3300 | I56: =SUMIFS(рапорт!$K:$K,рапорт!$A:$A,DATE(VALUE(RIGHT(ТаблицаВыработки[[#This Row],[Дата]],4)),VALUE(MID(ТаблицаВыработки[[#This Row],[Дата]],4,2)),VALUE(LEFT(ТаблицаВыработки[[#This Row],[Дата]],2))),рапорт!$D:$D,LOWER(ТаблицаВыработки[[#This Row],[Тип смены]])&"*",рапорт!$E:$E,LEFT(ТаблицаВыработки[[#This Row],[Мастер]],SEARCH(" ",ТаблицаВыработки[[#This Row],[Мастер]]&" ")-1)&"*") | J56: =SUMIFS(рапорт!$L:$L,рапорт!$A:$A,DATE(VALUE(RIGHT(ТаблицаВыработки[[#This Row],[Дата]],4)),VALUE(MID(ТаблицаВыработки[[#This Row],[Дата]],4,2)),VALUE(LEFT(ТаблицаВыработки[[#This Row],[Дата]],2))),рапорт!$D:$D,LOWER(ТаблицаВыработки[[#This Row],[Тип смены]])&"*",рапорт!$E:$E,LEFT(ТаблицаВыработки[[#This Row],[Мастер]],SEARCH(" ",ТаблицаВыработки[[#This Row],[Мастер]]&" ")-1)&"*")
B57: =IF(ТаблицаВыработки[[#This Row],[Дата]]="","",DATE(VALUE(RIGHT(ТаблицаВыработки[[#This Row],[Дата]],4)),VALUE(MID(ТаблицаВыработки[[#This Row],[Дата]],4,2)),1)) | G57: =IF(ТаблицаВыработки[[#This Row],[Тип смены]]="День",2700,IF(ТаблицаВыработки[[#This Row],[Тип смены]]="Ночь",3300,"")) | I57: =SUMIFS(рапорт!$K:$K,рапорт!$A:$A,DATE(VALUE(RIGHT(ТаблицаВыработки[[#This Row],[Дата]],4)),VALUE(MID(ТаблицаВыработки[[#This Row],[Дата]],4,2)),VALUE(LEFT(ТаблицаВыработки[[#This Row],[Дата]],2))),рапорт!$D:$D,LOWER(ТаблицаВыработки[[#This Row],[Тип смены]])&"*",рапорт!$E:$E,LEFT(ТаблицаВыработки[[#This Row],[Мастер]],SEARCH(" ",ТаблицаВыработки[[#This Row],[Мастер]]&" ")-1)&"*") | J57: =SUMIFS(рапорт!$L:$L,рапорт!$A:$A,DATE(VALUE(RIGHT(ТаблицаВыработки[[#This Row],[Дата]],4)),VALUE(MID(ТаблицаВыработки[[#This Row],[Дата]],4,2)),VALUE(LEFT(ТаблицаВыработки[[#This Row],[Дата]],2))),рапорт!$D:$D,LOWER(ТаблицаВыработки[[#This Row],[Тип смены]])&"*",рапорт!$E:$E,LEFT(ТаблицаВыработки[[#This Row],[Мастер]],SEARCH(" ",ТаблицаВыработки[[#This Row],[Мастер]]&" ")-1)&"*")
B58: =IF(ТаблицаВыработки[[#This Row],[Дата]]="","",DATE(VALUE(RIGHT(ТаблицаВыработки[[#This Row],[Дата]],4)),VALUE(MID(ТаблицаВыработки[[#This Row],[Дата]],4,2)),1)) | G58: =IF(ТаблицаВыработки[[#This Row],[Тип смены]]="День",2700,IF(ТаблицаВыработки[[#This Row],[Тип смены]]="Ночь",3300,"")) | I58: =SUMIFS(рапорт!$K:$K,рапорт!$A:$A,DATE(VALUE(RIGHT(ТаблицаВыработки[[#This Row],[Дата]],4)),VALUE(MID(ТаблицаВыработки[[#This Row],[Дата]],4,2)),VALUE(LEFT(ТаблицаВыработки[[#This Row],[Дата]],2))),рапорт!$D:$D,LOWER(ТаблицаВыработки[[#This Row],[Тип смены]])&"*",рапорт!$E:$E,LEFT(ТаблицаВыработки[[#This Row],[Мастер]],SEARCH(" ",ТаблицаВыработки[[#This Row],[Мастер]]&" ")-1)&"*") | J58: =SUMIFS(рапорт!$L:$L,рапорт!$A:$A,DATE(VALUE(RIGHT(ТаблицаВыработки[[#This Row],[Дата]],4)),VALUE(MID(ТаблицаВыработки[[#This Row],[Дата]],4,2)),VALUE(LEFT(ТаблицаВыработки[[#This Row],[Дата]],2))),рапорт!$D:$D,LOWER(ТаблицаВыработки[[#This Row],[Тип смены]])&"*",рапорт!$E:$E,LEFT(ТаблицаВыработки[[#This Row],[Мастер]],SEARCH(" ",ТаблицаВыработки[[#This Row],[Мастер]]&" ")-1)&"*")
B59: =IF(ТаблицаВыработки[[#This Row],[Дата]]="","",DATE(VALUE(RIGHT(ТаблицаВыработки[[#This Row],[Дата]],4)),VALUE(MID(ТаблицаВыработки[[#This Row],[Дата]],4,2)),1)) | G59: =IF(ТаблицаВыработки[[#This Row],[Тип смены]]="День",2700,IF(ТаблицаВыработки[[#This Row],[Тип смены]]="Ночь",3300,"")) | I59: =SUMIFS(рапорт!$K:$K,рапорт!$A:$A,DATE(VALUE(RIGHT(ТаблицаВыработки[[#This Row],[Дата]],4)),VALUE(MID(ТаблицаВыработки[[#This Row],[Дата]],4,2)),VALUE(LEFT(ТаблицаВыработки[[#This Row],[Дата]],2))),рапорт!$D:$D,LOWER(ТаблицаВыработки[[#This Row],[Тип смены]])&"*",рапорт!$E:$E,LEFT(ТаблицаВыработки[[#This Row],[Мастер]],SEARCH(" ",ТаблицаВыработки[[#This Row],[Мастер]]&" ")-1)&"*") | J59: =SUMIFS(рапорт!$L:$L,рапорт!$A:$A,DATE(VALUE(RIGHT(ТаблицаВыработки[[#This Row],[Дата]],4)),VALUE(MID(ТаблицаВыработки[[#This Row],[Дата]],4,2)),VALUE(LEFT(ТаблицаВыработки[[#This Row],[Дата]],2))),рапорт!$D:$D,LOWER(ТаблицаВыработки[[#This Row],[Тип смены]])&"*",рапорт!$E:$E,LEFT(ТаблицаВыработки[[#This Row],[Мастер]],SEARCH(" ",ТаблицаВыработки[[#This Row],[Мастер]]&" ")-1)&"*")
B60: =IF(ТаблицаВыработки[[#This Row],[Дата]]="","",DATE(VALUE(RIGHT(ТаблицаВыработки[[#This Row],[Дата]],4)),VALUE(MID(ТаблицаВыработки[[#This Row],[Дата]],4,2)),1)) | G60: =IF(ТаблицаВыработки[[#This Row],[Тип смены]]="День",2700,IF(ТаблицаВыработки[[#This Row],[Тип смены]]="Ночь",3300,"")) | I60: =SUMIFS(рапорт!$K:$K,рапорт!$A:$A,DATE(VALUE(RIGHT(ТаблицаВыработки[[#This Row],[Дата]],4)),VALUE(MID(ТаблицаВыработки[[#This Row],[Дата]],4,2)),VALUE(LEFT(ТаблицаВыработки[[#This Row],[Дата]],2))),рапорт!$D:$D,LOWER(ТаблицаВыработки[[#This Row],[Тип смены]])&"*",рапорт!$E:$E,LEFT(ТаблицаВыработки[[#This Row],[Мастер]],SEARCH(" ",ТаблицаВыработки[[#This Row],[Мастер]]&" ")-1)&"*") | J60: =SUMIFS(рапорт!$L:$L,рапорт!$A:$A,DATE(VALUE(RIGHT(ТаблицаВыработки[[#This Row],[Дата]],4)),VALUE(MID(ТаблицаВыработки[[#This Row],[Дата]],4,2)),VALUE(LEFT(ТаблицаВыработки[[#This Row],[Дата]],2))),рапорт!$D:$D,LOWER(ТаблицаВыработки[[#This Row],[Тип смены]])&"*",рапорт!$E:$E,LEFT(ТаблицаВыработки[[#This Row],[Мастер]],SEARCH(" ",ТаблицаВыработки[[#This Row],[Мастер]]&" ")-1)&"*")
B61: =IF(ТаблицаВыработки[[#This Row],[Дата]]="","",DATE(VALUE(RIGHT(ТаблицаВыработки[[#This Row],[Дата]],4)),VALUE(MID(ТаблицаВыработки[[#This Row],[Дата]],4,2)),1)) | G61: =IF(ТаблицаВыработки[[#This Row],[Тип смены]]="День",2700,IF(ТаблицаВыработки[[#This Row],[Тип смены]]="Ночь",3300,"")) | I61: =SUMIFS(рапорт!$K:$K,рапорт!$A:$A,DATE(VALUE(RIGHT(ТаблицаВыработки[[#This Row],[Дата]],4)),VALUE(MID(ТаблицаВыработки[[#This Row],[Дата]],4,2)),VALUE(LEFT(ТаблицаВыработки[[#This Row],[Дата]],2))),рапорт!$D:$D,LOWER(ТаблицаВыработки[[#This Row],[Тип смены]])&"*",рапорт!$E:$E,LEFT(ТаблицаВыработки[[#This Row],[Мастер]],SEARCH(" ",ТаблицаВыработки[[#This Row],[Мастер]]&" ")-1)&"*") | J61: =SUMIFS(рапорт!$L:$L,рапорт!$A:$A,DATE(VALUE(RIGHT(ТаблицаВыработки[[#This Row],[Дата]],4)),VALUE(MID(ТаблицаВыработки[[#This Row],[Дата]],4,2)),VALUE(LEFT(ТаблицаВыработки[[#This Row],[Дата]],2))),рапорт!$D:$D,LOWER(ТаблицаВыработки[[#This Row],[Тип смены]])&"*",рапорт!$E:$E,LEFT(ТаблицаВыработки[[#This Row],[Мастер]],SEARCH(" ",ТаблицаВыработки[[#This Row],[Мастер]]&" ")-1)&"*")
B62: =IF(ТаблицаВыработки[[#This Row],[Дата]]="","",DATE(VALUE(RIGHT(ТаблицаВыработки[[#This Row],[Дата]],4)),VALUE(MID(ТаблицаВыработки[[#This Row],[Дата]],4,2)),1)) | G62: =IF(ТаблицаВыработки[[#This Row],[Тип смены]]="День",2700,IF(ТаблицаВыработки[[#This Row],[Тип смены]]="Ночь",3300,"")) | I62: =SUMIFS(рапорт!$K:$K,рапорт!$A:$A,DATE(VALUE(RIGHT(ТаблицаВыработки[[#This Row],[Дата]],4)),VALUE(MID(ТаблицаВыработки[[#This Row],[Дата]],4,2)),VALUE(LEFT(ТаблицаВыработки[[#This Row],[Дата]],2))),рапорт!$D:$D,LOWER(ТаблицаВыработки[[#This Row],[Тип смены]])&"*",рапорт!$E:$E,LEFT(ТаблицаВыработки[[#This Row],[Мастер]],SEARCH(" ",ТаблицаВыработки[[#This Row],[Мастер]]&" ")-1)&"*") | J62: =SUMIFS(рапорт!$L:$L,рапорт!$A:$A,DATE(VALUE(RIGHT(ТаблицаВыработки[[#This Row],[Дата]],4)),VALUE(MID(ТаблицаВыработки[[#This Row],[Дата]],4,2)),VALUE(LEFT(ТаблицаВыработки[[#This Row],[Дата]],2))),рапорт!$D:$D,LOWER(ТаблицаВыработки[[#This Row],[Тип смены]])&"*",рапорт!$E:$E,LEFT(ТаблицаВыработки[[#This Row],[Мастер]],SEARCH(" ",ТаблицаВыработки[[#This Row],[Мастер]]&" ")-1)&"*")
B63: =IF(ТаблицаВыработки[[#This Row],[Дата]]="","",DATE(VALUE(RIGHT(ТаблицаВыработки[[#This Row],[Дата]],4)),VALUE(MID(ТаблицаВыработки[[#This Row],[Дата]],4,2)),1)) | G63: =IF(ТаблицаВыработки[[#This Row],[Тип смены]]="День",2700,IF(ТаблицаВыработки[[#This Row],[Тип смены]]="Ночь",3300,"")) | I63: =SUMIFS(рапорт!$K:$K,рапорт!$A:$A,DATE(VALUE(RIGHT(ТаблицаВыработки[[#This Row],[Дата]],4)),VALUE(MID(ТаблицаВыработки[[#This Row],[Дата]],4,2)),VALUE(LEFT(ТаблицаВыработки[[#This Row],[Дата]],2))),рапорт!$D:$D,LOWER(ТаблицаВыработки[[#This Row],[Тип смены]])&"*",рапорт!$E:$E,LEFT(ТаблицаВыработки[[#This Row],[Мастер]],SEARCH(" ",ТаблицаВыработки[[#This Row],[Мастер]]&" ")-1)&"*") | J63: =SUMIFS(рапорт!$L:$L,рапорт!$A:$A,DATE(VALUE(RIGHT(ТаблицаВыработки[[#This Row],[Дата]],4)),VALUE(MID(ТаблицаВыработки[[#This Row],[Дата]],4,2)),VALUE(LEFT(ТаблицаВыработки[[#This Row],[Дата]],2))),рапорт!$D:$D,LOWER(ТаблицаВыработки[[#This Row],[Тип смены]])&"*",рапорт!$E:$E,LEFT(ТаблицаВыработки[[#This Row],[Мастер]],SEARCH(" ",ТаблицаВыработки[[#This Row],[Мастер]]&" ")-1)&"*")
B64: =IF(ТаблицаВыработки[[#This Row],[Дата]]="","",DATE(VALUE(RIGHT(ТаблицаВыработки[[#This Row],[Дата]],4)),VALUE(MID(ТаблицаВыработки[[#This Row],[Дата]],4,2)),1)) | G64: =IF(ТаблицаВыработки[[#This Row],[Тип смены]]="День",2700,IF(ТаблицаВыработки[[#This Row],[Тип смены]]="Ночь",3300,"")) | I64: =SUMIFS(рапорт!$K:$K,рапорт!$A:$A,DATE(VALUE(RIGHT(ТаблицаВыработки[[#This Row],[Дата]],4)),VALUE(MID(ТаблицаВыработки[[#This Row],[Дата]],4,2)),VALUE(LEFT(ТаблицаВыработки[[#This Row],[Дата]],2))),рапорт!$D:$D,LOWER(ТаблицаВыработки[[#This Row],[Тип смены]])&"*",рапорт!$E:$E,LEFT(ТаблицаВыработки[[#This Row],[Мастер]],SEARCH(" ",ТаблицаВыработки[[#This Row],[Мастер]]&" ")-1)&"*") | J64: =SUMIFS(рапорт!$L:$L,рапорт!$A:$A,DATE(VALUE(RIGHT(ТаблицаВыработки[[#This Row],[Дата]],4)),VALUE(MID(ТаблицаВыработки[[#This Row],[Дата]],4,2)),VALUE(LEFT(ТаблицаВыработки[[#This Row],[Дата]],2))),рапорт!$D:$D,LOWER(ТаблицаВыработки[[#This Row],[Тип смены]])&"*",рапорт!$E:$E,LEFT(ТаблицаВыработки[[#This Row],[Мастер]],SEARCH(" ",ТаблицаВыработки[[#This Row],[Мастер]]&" ")-1)&"*")
B65: =IF(ТаблицаВыработки[[#This Row],[Дата]]="","",DATE(VALUE(RIGHT(ТаблицаВыработки[[#This Row],[Дата]],4)),VALUE(MID(ТаблицаВыработки[[#This Row],[Дата]],4,2)),1)) | G65: =IF(ТаблицаВыработки[[#This Row],[Тип смены]]="День",2700,IF(ТаблицаВыработки[[#This Row],[Тип смены]]="Ночь",3300,"")) | I65: =SUMIFS(рапорт!$K:$K,рапорт!$A:$A,DATE(VALUE(RIGHT(ТаблицаВыработки[[#This Row],[Дата]],4)),VALUE(MID(ТаблицаВыработки[[#This Row],[Дата]],4,2)),VALUE(LEFT(ТаблицаВыработки[[#This Row],[Дата]],2))),рапорт!$D:$D,LOWER(ТаблицаВыработки[[#This Row],[Тип смены]])&"*",рапорт!$E:$E,LEFT(ТаблицаВыработки[[#This Row],[Мастер]],SEARCH(" ",ТаблицаВыработки[[#This Row],[Мастер]]&" ")-1)&"*") | J65: =SUMIFS(рапорт!$L:$L,рапорт!$A:$A,DATE(VALUE(RIGHT(ТаблицаВыработки[[#This Row],[Дата]],4)),VALUE(MID(ТаблицаВыработки[[#This Row],[Дата]],4,2)),VALUE(LEFT(ТаблицаВыработки[[#This Row],[Дата]],2))),рапорт!$D:$D,LOWER(ТаблицаВыработки[[#This Row],[Тип смены]])&"*",рапорт!$E:$E,LEFT(ТаблицаВыработки[[#This Row],[Мастер]],SEARCH(" ",ТаблицаВыработки[[#This Row],[Мастер]]&" ")-1)&"*")
B66: =IF(ТаблицаВыработки[[#This Row],[Дата]]="","",DATE(VALUE(RIGHT(ТаблицаВыработки[[#This Row],[Дата]],4)),VALUE(MID(ТаблицаВыработки[[#This Row],[Дата]],4,2)),1)) | G66: =IF(ТаблицаВыработки[[#This Row],[Тип смены]]="День",2700,IF(ТаблицаВыработки[[#This Row],[Тип смены]]="Ночь",3300,"")) | I66: =SUMIFS(рапорт!$K:$K,рапорт!$A:$A,DATE(VALUE(RIGHT(ТаблицаВыработки[[#This Row],[Дата]],4)),VALUE(MID(ТаблицаВыработки[[#This Row],[Дата]],4,2)),VALUE(LEFT(ТаблицаВыработки[[#This Row],[Дата]],2))),рапорт!$D:$D,LOWER(ТаблицаВыработки[[#This Row],[Тип смены]])&"*",рапорт!$E:$E,LEFT(ТаблицаВыработки[[#This Row],[Мастер]],SEARCH(" ",ТаблицаВыработки[[#This Row],[Мастер]]&" ")-1)&"*") | J66: =SUMIFS(рапорт!$L:$L,рапорт!$A:$A,DATE(VALUE(RIGHT(ТаблицаВыработки[[#This Row],[Дата]],4)),VALUE(MID(ТаблицаВыработки[[#This Row],[Дата]],4,2)),VALUE(LEFT(ТаблицаВыработки[[#This Row],[Дата]],2))),рапорт!$D:$D,LOWER(ТаблицаВыработки[[#This Row],[Тип смены]])&"*",рапорт!$E:$E,LEFT(ТаблицаВыработки[[#This Row],[Мастер]],SEARCH(" ",ТаблицаВыработки[[#This Row],[Мастер]]&" ")-1)&"*")
B67: =IF(ТаблицаВыработки[[#This Row],[Дата]]="","",DATE(VALUE(RIGHT(ТаблицаВыработки[[#This Row],[Дата]],4)),VALUE(MID(ТаблицаВыработки[[#This Row],[Дата]],4,2)),1)) | G67: =IF(ТаблицаВыработки[[#This Row],[Тип смены]]="День",2700,IF(ТаблицаВыработки[[#This Row],[Тип смены]]="Ночь",3300,"")) | I67: =SUMIFS(рапорт!$K:$K,рапорт!$A:$A,DATE(VALUE(RIGHT(ТаблицаВыработки[[#This Row],[Дата]],4)),VALUE(MID(ТаблицаВыработки[[#This Row],[Дата]],4,2)),VALUE(LEFT(ТаблицаВыработки[[#This Row],[Дата]],2))),рапорт!$D:$D,LOWER(ТаблицаВыработки[[#This Row],[Тип смены]])&"*",рапорт!$E:$E,LEFT(ТаблицаВыработки[[#This Row],[Мастер]],SEARCH(" ",ТаблицаВыработки[[#This Row],[Мастер]]&" ")-1)&"*") | J67: =SUMIFS(рапорт!$L:$L,рапорт!$A:$A,DATE(VALUE(RIGHT(ТаблицаВыработки[[#This Row],[Дата]],4)),VALUE(MID(ТаблицаВыработки[[#This Row],[Дата]],4,2)),VALUE(LEFT(ТаблицаВыработки[[#This Row],[Дата]],2))),рапорт!$D:$D,LOWER(ТаблицаВыработки[[#This Row],[Тип смены]])&"*",рапорт!$E:$E,LEFT(ТаблицаВыработки[[#This Row],[Мастер]],SEARCH(" ",ТаблицаВыработки[[#This Row],[Мастер]]&" ")-1)&"*")
B68: =IF(ТаблицаВыработки[[#This Row],[Дата]]="","",DATE(VALUE(RIGHT(ТаблицаВыработки[[#This Row],[Дата]],4)),VALUE(MID(ТаблицаВыработки[[#This Row],[Дата]],4,2)),1)) | G68: =IF(ТаблицаВыработки[[#This Row],[Тип смены]]="День",2700,IF(ТаблицаВыработки[[#This Row],[Тип смены]]="Ночь",3300,"")) | I68: =SUMIFS(рапорт!$K:$K,рапорт!$A:$A,DATE(VALUE(RIGHT(ТаблицаВыработки[[#This Row],[Дата]],4)),VALUE(MID(ТаблицаВыработки[[#This Row],[Дата]],4,2)),VALUE(LEFT(ТаблицаВыработки[[#This Row],[Дата]],2))),рапорт!$D:$D,LOWER(ТаблицаВыработки[[#This Row],[Тип смены]])&"*",рапорт!$E:$E,LEFT(ТаблицаВыработки[[#This Row],[Мастер]],SEARCH(" ",ТаблицаВыработки[[#This Row],[Мастер]]&" ")-1)&"*") | J68: =SUMIFS(рапорт!$L:$L,рапорт!$A:$A,DATE(VALUE(RIGHT(ТаблицаВыработки[[#This Row],[Дата]],4)),VALUE(MID(ТаблицаВыработки[[#This Row],[Дата]],4,2)),VALUE(LEFT(ТаблицаВыработки[[#This Row],[Дата]],2))),рапорт!$D:$D,LOWER(ТаблицаВыработки[[#This Row],[Тип смены]])&"*",рапорт!$E:$E,LEFT(ТаблицаВыработки[[#This Row],[Мастер]],SEARCH(" ",ТаблицаВыработки[[#This Row],[Мастер]]&" ")-1)&"*")
... B201: =IF(ТаблицаВыработки[[#This Row],[Дата]]="","",DATE(VALUE(RIGHT(ТаблицаВыработки[[#This Row],[Дата]],4)),VALUE(MID(ТаблицаВыработки[[#This Row],[Дата]],4,2)),1)) | G201: =IF(ТаблицаВыработки[[#This Row],[Тип смены]]="День",2700,IF(ТаблицаВыработки[[#This Row],[Тип смены]]="Ночь",3300,"")) | I201: =SUMIFS(рапорт!$K:$K,рапорт!$A:$A,DATE(VALUE(RIGHT(ТаблицаВыработки[[#This Row],[Дата]],4)),VALUE(MID(ТаблицаВыработки[[#This Row],[Дата]],4,2)),VALUE(LEFT(ТаблицаВыработки[[#This Row],[Дата]],2))),рапорт!$D:$D,LOWER(ТаблицаВыработки[[#This Row],[Тип смены]])&"*",рапорт!$E:$E,LEFT(ТаблицаВыработки[[#This Row],[Мастер]],SEARCH(" ",ТаблицаВыработки[[#This Row],[Мастер]]&" ")-1)&"*") | J201: =SUMIFS(рапорт!$L:$L,рапорт!$A:$A,DATE(VALUE(RIGHT(ТаблицаВыработки[[#This Row],[Дата]],4)),VALUE(MID(ТаблицаВыработки[[#This Row],[Дата]],4,2)),VALUE(LEFT(ТаблицаВыработки[[#This Row],[Дата]],2))),рапорт!$D:$D,LOWER(ТаблицаВыработки[[#This Row],[Тип смены]])&"*",рапорт!$E:$E,LEFT(ТаблицаВыработки[[#This Row],[Мастер]],SEARCH(" ",ТаблицаВыработки[[#This Row],[Мастер]]&" ")-1)&"*")

Sheet рапорт
A1: дата | B1: № партии | C1: линия | D1: смена | E1: мастер | F1: продукт | G1: замес | H1: Формовка, лист | I1: Формовка, тонна | J1: На склад | K1: 1-сорт | L1: брак | M1: количество сбросов наката | N1: асбест | O1: Цемент | S1: цемент | T1: асб-слив | U1: цем-слив | V1: Лапрорл | X1: Целлюлоза | Z1: Стекловолокно | AB1: Д/ШИФЕР | AD1: асбозурит | AE1: норма А | AF1: факт А | AG1: откл | AH1: норма Ц | AI1: факт Ц | AJ1: откл | AK1: норма ЦЛ | AL1: факт ЦЛ | AM1: откл | AN1: норма СВ | AO1: факт СВ | AP1: откл | AQ1: норма ФБ | AR1: факт ФБ | AS1: откл | AT1: норма АСБ | AU1: факт АСБ | AV1: откл | AX1: масса, тн
O2: 1 силос | P2: 2 силос | Q2: 3 силос | R2: 4 силос | V2: Приход | W2: Расход | X2: Приход | Y2: Расход | Z2: Приход | AA2: Расход | AB2: Приход | AC2: Расход
A3: 46069 | B3: 0001 | C3: Линия 1 | D3: день | E3: Монаев | F3: РП | G3: 9 | H3: 268 | I3: =IFERROR(H3*VLOOKUP(F3,[1]инфо!$A$15:$C$28,3,FALSE)/1000,0) | N3: 908 | O3: 5400 | P3: 0 | Q3: 0 | R3: 0 | S3: =SUM(O3:R3) | T3: 0 | U3: 0 | Y3: 90 | AA3: 0 | AC3: 90 | AD3: 0 | AE3: =SUMIFS([1]инфо!$D$15:$D$28,[1]инфо!$A$15:$A$28,F3) | AF3: =IF(H3=0,0,N3/H3) | AG3: =AF3-AE3 | AH3: =SUMIFS([1]инфо!$E$15:$E$28,[1]инфо!$A$15:$A$28,F3) | AI3: =IF(H3=0,0,S3/H3) | AJ3: =AI3-AH3 | AK3: =SUMIFS([1]инфо!$F$15:$F$28,[1]инфо!$A$15:$A$28,F3) | AL3: =IF(H3=0,0,Y3/H3) | AM3: =AL3-AK3 | AN3: =SUMIFS([1]инфо!$G$15:$G$28,[1]инфо!$A$15:$A$28,F3) | AO3: =IF(H3=0,0,AA3/H3) | AP3: =AO3-AN3 | AQ3: =SUMIFS([1]инфо!$H$15:$H$28,[1]инфо!$A$15:$A$28,F3) | AR3: =IF(H3=0,0,AC3/H3) | AS3: =AR3-AQ3 | AT3: =SUMIFS([1]инфо!$I$15:$I$28,[1]инфо!$A$15:$A$28,F3) | AU3: =IF(H3=0,0,AD3/H3) | AV3: =AU3-AT3 | AX3: =SUMIFS([1]инфо!$C$15:$C$28,[1]инфо!$A$15:$A$28,F3)*H3
A4: 46069 | B4: 0002 | C4: Линия 1 | D4: ночь | E4: Дауылбай | F4: РП коричневый | G4: 27 | H4: 1265 | I4: =IFERROR(H4*VLOOKUP(F4,[1]инфо!$A$15:$C$28,3,FALSE)/1000,0) | K4: 13 | L4: 47 | N4: 2706 | O4: 16186 | S4: =SUM(O4:R4) | Y4: 270 | AC4: 270 | AE4: =SUMIFS([1]инфо!$D$15:$D$28,[1]инфо!$A$15:$A$28,F4) | AF4: =IF(H4=0,0,N4/H4) | AG4: =AF4-AE4 | AH4: =SUMIFS([1]инфо!$E$15:$E$28,[1]инфо!$A$15:$A$28,F4) | AI4: =IF(H4=0,0,S4/H4) | AJ4: =AI4-AH4 | AK4: =SUMIFS([1]инфо!$F$15:$F$28,[1]инфо!$A$15:$A$28,F4) | AL4: =IF(H4=0,0,Y4/H4) | AM4: =AL4-AK4 | AN4: =SUMIFS([1]инфо!$G$15:$G$28,[1]инфо!$A$15:$A$28,F4) | AO4: =IF(H4=0,0,AA4/H4) | AP4: =AO4-AN4 | AQ4: =SUMIFS([1]инфо!$H$15:$H$28,[1]инфо!$A$15:$A$28,F4) | AR4: =IF(H4=0,0,AC4/H4) | AS4: =AR4-AQ4 | AT4: =SUMIFS([1]инфо!$I$15:$I$28,[1]инфо!$A$15:$A$28,F4) | AU4: =IF(H4=0,0,AD4/H4) | AV4: =AU4-AT4 | AX4: =SUMIFS([1]инфо!$C$15:$C$28,[1]инфо!$A$15:$A$28,F4)*H4
A5: =A3+1 | B5: 0003 | C5: Линия 1 | D5: день | E5: Султанулы | F5: РП коричневый | G5: 20 | H5: 996 | I5: =IFERROR(H5*VLOOKUP(F5,[1]инфо!$A$15:$C$28,3,FALSE)/1000,0) | K5: 12 | N5: 2003 | O5: 12092 | S5: =SUM(O5:R5) | Y5: 200 | AC5: 190 | AE5: =SUMIFS([1]инфо!$D$15:$D$28,[1]инфо!$A$15:$A$28,F5) | AF5: =IF(H5=0,0,N5/H5) | AG5: =AF5-AE5 | AH5: =SUMIFS([1]инфо!$E$15:$E$28,[1]инфо!$A$15:$A$28,F5) | AI5: =IF(H5=0,0,S5/H5) | AJ5: =AI5-AH5 | AK5: =SUMIFS([1]инфо!$F$15:$F$28,[1]инфо!$A$15:$A$28,F5) | AL5: =IF(H5=0,0,Y5/H5) | AM5: =AL5-AK5 | AN5: =SUMIFS([1]инфо!$G$15:$G$28,[1]инфо!$A$15:$A$28,F5) | AO5: =IF(H5=0,0,AA5/H5) | AP5: =AO5-AN5 | AQ5: =SUMIFS([1]инфо!$H$15:$H$28,[1]инфо!$A$15:$A$28,F5) | AR5: =IF(H5=0,0,AC5/H5) | AS5: =AR5-AQ5 | AT5: =SUMIFS([1]инфо!$I$15:$I$28,[1]инфо!$A$15:$A$28,F5) | AU5: =IF(H5=0,0,AD5/H5) | AV5: =AU5-AT5 | AX5: =SUMIFS([1]инфо!$C$15:$C$28,[1]инфо!$A$15:$A$28,F5)*H5
A6: 46070 | B6: 0004 | C6: Линия 1 | D6: ночь | E6: Монаев | F6: РП коричневый | G6: 31 | H6: 1441 | I6: =IFERROR(H6*VLOOKUP(F6,[1]инфо!$A$15:$C$28,3,FALSE)/1000,0) | K6: 2 | L6: 4 | N6: 3117 | O6: 18988 | S6: =SUM(O6:R6) | Y6: 310 | AC6: 310 | AD6: 155 | AE6: =SUMIFS([1]инфо!$D$15:$D$28,[1]инфо!$A$15:$A$28,F6) | AF6: =IF(H6=0,0,N6/H6) | AG6: =AF6-AE6 | AH6: =SUMIFS([1]инфо!$E$15:$E$28,[1]инфо!$A$15:$A$28,F6) | AI6: =IF(H6=0,0,S6/H6) | AJ6: =AI6-AH6 | AK6: =SUMIFS([1]инфо!$F$15:$F$28,[1]инфо!$A$15:$A$28,F6) | AL6: =IF(H6=0,0,Y6/H6) | AM6: =AL6-AK6 | AN6: =SUMIFS([1]инфо!$G$15:$G$28,[1]инфо!$A$15:$A$28,F6) | AO6: =IF(H6=0,0,AA6/H6) | AP6: =AO6-AN6 | AQ6: =SUMIFS([1]инфо!$H$15:$H$28,[1]инфо!$A$15:$A$28,F6) | AR6: =IF(H6=0,0,AC6/H6) | AS6: =AR6-AQ6 | AT6: =SUMIFS([1]инфо!$I$15:$I$28,[1]инфо!$A$15:$A$28,F6) | AU6: =IF(H6=0,0,AD6/H6) | AV6: =AU6-AT6 | AX6: =SUMIFS([1]инфо!$C$15:$C$28,[1]инфо!$A$15:$A$28,F6)*H6
A7: 46071 | B7: 0005 | C7: Линия 1 | D7: день | E7: Султанулы | F7: РП коричневый | G7: 13 | H7: 612 | I7: =IFERROR(H7*VLOOKUP(F7,[1]инфо!$A$15:$C$28,3,FALSE)/1000,0) | K7: 4 | L7: 6 | N7: 1328 | O7: 1223 | P7: 6617 | S7: =SUM(O7:R7) | Y7: 130 | AC7: 110 | AE7: =SUMIFS([1]инфо!$D$15:$D$28,[1]инфо!$A$15:$A$28,F7) | AF7: =IF(H7=0,0,N7/H7) | AG7: =AF7-AE7 | AH7: =SUMIFS([1]инфо!$E$15:$E$28,[1]инфо!$A$15:$A$28,F7) | AI7: =IF(H7=0,0,S7/H7) | AJ7: =AI7-AH7 | AK7: =SUMIFS([1]инфо!$F$15:$F$28,[1]инфо!$A$15:$A$28,F7) | AL7: =IF(H7=0,0,Y7/H7) | AM7: =AL7-AK7 | AN7: =SUMIFS([1]инфо!$G$15:$G$28,[1]инфо!$A$15:$A$28,F7) | AO7: =IF(H7=0,0,AA7/H7) | AP7: =AO7-AN7 | AQ7: =SUMIFS([1]инфо!$H$15:$H$28,[1]инфо!$A$15:$A$28,F7) | AR7: =IF(H7=0,0,AC7/H7) | AS7: =AR7-AQ7 | AT7: =SUMIFS([1]инфо!$I$15:$I$28,[1]инфо!$A$15:$A$28,F7) | AU7: =IF(H7=0,0,AD7/H7) | AV7: =AU7-AT7 | AX7: =SUMIFS([1]инфо!$C$15:$C$28,[1]инфо!$A$15:$A$28,F7)*H7
A8: =A6+1 | B8: 0006 | C8: Линия 1 | D8: ночь | E8: Монаев | F8: РП коричневый | G8: 31 | H8: 1491 | I8: =IFERROR(H8*VLOOKUP(F8,[1]инфо!$A$15:$C$28,3,FALSE)/1000,0) | K8: 17 | L8: 8 | N8: 3117 | O8: 12200 | P8: 6719 | S8: =SUM(O8:R8) | Y8: 310 | AC8: 310 | AE8: =SUMIFS([1]инфо!$D$15:$D$28,[1]инфо!$A$15:$A$28,F8) | AF8: =IF(H8=0,0,N8/H8) | AG8: =AF8-AE8 | AH8: =SUMIFS([1]инфо!$E$15:$E$28,[1]инфо!$A$15:$A$28,F8) | AI8: =IF(H8=0,0,S8/H8) | AJ8: =AI8-AH8 | AK8: =SUMIFS([1]инфо!$F$15:$F$28,[1]инфо!$A$15:$A$28,F8) | AL8: =IF(H8=0,0,Y8/H8) | AM8: =AL8-AK8 | AN8: =SUMIFS([1]инфо!$G$15:$G$28,[1]инфо!$A$15:$A$28,F8) | AO8: =IF(H8=0,0,AA8/H8) | AP8: =AO8-AN8 | AQ8: =SUMIFS([1]инфо!$H$15:$H$28,[1]инфо!$A$15:$A$28,F8) | AR8: =IF(H8=0,0,AC8/H8) | AS8: =AR8-AQ8 | AT8: =SUMIFS([1]инфо!$I$15:$I$28,[1]инфо!$A$15:$A$28,F8) | AU8: =IF(H8=0,0,AD8/H8) | AV8: =AU8-AT8 | AX8: =SUMIFS([1]инфо!$C$15:$C$28,[1]инфо!$A$15:$A$28,F8)*H8
A9: =A7+1 | B9: 0007 | C9: Линия 1 | D9: день | E9: Дауылбай | F9: РП коричневый | G9: 32 | H9: 1575 | I9: =IFERROR(H9*VLOOKUP(F9,[1]инфо!$A$15:$C$28,3,FALSE)/1000,0) | K9: 9 | L9: 4 | N9: 3210 | O9: 19586 | P9: 0 | S9: =SUM(O9:R9) | Y9: 320 | AC9: 320 | AD9: 160 | AE9: =SUMIFS([1]инфо!$D$15:$D$28,[1]инфо!$A$15:$A$28,F9) | AF9: =IF(H9=0,0,N9/H9) | AG9: =AF9-AE9 | AH9: =SUMIFS([1]инфо!$E$15:$E$28,[1]инфо!$A$15:$A$28,F9) | AI9: =IF(H9=0,0,S9/H9) | AJ9: =AI9-AH9 | AK9: =SUMIFS([1]инфо!$F$15:$F$28,[1]инфо!$A$15:$A$28,F9) | AL9: =IF(H9=0,0,Y9/H9) | AM9: =AL9-AK9 | AN9: =SUMIFS([1]инфо!$G$15:$G$28,[1]инфо!$A$15:$A$28,F9) | AO9: =IF(H9=0,0,AA9/H9) | AP9: =AO9-AN9 | AQ9: =SUMIFS([1]инфо!$H$15:$H$28,[1]инфо!$A$15:$A$28,F9) | AR9: =IF(H9=0,0,AC9/H9) | AS9: =AR9-AQ9 | AT9: =SUMIFS([1]инфо!$I$15:$I$28,[1]инфо!$A$15:$A$28,F9) | AU9: =IF(H9=0,0,AD9/H9) | AV9: =AU9-AT9 | AX9: =SUMIFS([1]инфо!$C$15:$C$28,[1]инфо!$A$15:$A$28,F9)*H9
A10: 46072 | B10: 0008 | C10: Линия 1 | D10: ночь | E10: Султанулы | F10: РП коричневый | G10: 35 | H10: 1770 | I10: =IFERROR(H10*VLOOKUP(F10,[1]инфо!$A$15:$C$28,3,FALSE)/1000,0) | K10: 4 | L10: 1 | N10: 3538 | O10: 12247 | P10: 9186 | S10: =SUM(O10:R10) | Y10: 350 | AC10: 350 | AE10: =SUMIFS([1]инфо!$D$15:$D$28,[1]инфо!$A$15:$A$28,F10) | AF10: =IF(H10=0,0,N10/H10) | AG10: =AF10-AE10 | AH10: =SUMIFS([1]инфо!$E$15:$E$28,[1]инфо!$A$15:$A$28,F10) | AI10: =IF(H10=0,0,S10/H10) | AJ10: =AI10-AH10 | AK10: =SUMIFS([1]инфо!$F$15:$F$28,[1]инфо!$A$15:$A$28,F10) | AL10: =IF(H10=0,0,Y10/H10) | AM10: =AL10-AK10 | AN10: =SUMIFS([1]инфо!$G$15:$G$28,[1]инфо!$A$15:$A$28,F10) | AO10: =IF(H10=0,0,AA10/H10) | AP10: =AO10-AN10 | AQ10: =SUMIFS([1]инфо!$H$15:$H$28,[1]инфо!$A$15:$A$28,F10) | AR10: =IF(H10=0,0,AC10/H10) | AS10: =AR10-AQ10 | AT10: =SUMIFS([1]инфо!$I$15:$I$28,[1]инфо!$A$15:$A$28,F10) | AU10: =IF(H10=0,0,AD10/H10) | AV10: =AU10-AT10 | AX10: =SUMIFS([1]инфо!$C$15:$C$28,[1]инфо!$A$15:$A$28,F10)*H10
A11: 46073 | B11: 0009 | C11: Линия 1 | D11: день | E11: Дауылбай | F11: РП коричневый | G11: 28 | H11: 1365 | I11: =IFERROR(H11*VLOOKUP(F11,[1]инфо!$A$15:$C$28,3,FALSE)/1000,0) | K11: 25 | L11: 4 | N11: 2833 | O11: 8548 | P11: 8573 | S11: =SUM(O11:R11) | Y11: 280 | AC11: 280 | AD11: 140 | AE11: =SUMIFS([1]инфо!$D$15:$D$28,[1]инфо!$A$15:$A$28,F11) | AF11: =IF(H11=0,0,N11/H11) | AG11: =AF11-AE11 | AH11: =SUMIFS([1]инфо!$E$15:$E$28,[1]инфо!$A$15:$A$28,F11) | AI11: =IF(H11=0,0,S11/H11) | AJ11: =AI11-AH11 | AK11: =SUMIFS([1]инфо!$F$15:$F$28,[1]инфо!$A$15:$A$28,F11) | AL11: =IF(H11=0,0,Y11/H11) | AM11: =AL11-AK11 | AN11: =SUMIFS([1]инфо!$G$15:$G$28,[1]инфо!$A$15:$A$28,F11) | AO11: =IF(H11=0,0,AA11/H11) | AP11: =AO11-AN11 | AQ11: =SUMIFS([1]инфо!$H$15:$H$28,[1]инфо!$A$15:$A$28,F11) | AR11: =IF(H11=0,0,AC11/H11) | AS11: =AR11-AQ11 | AT11: =SUMIFS([1]инфо!$I$15:$I$28,[1]инфо!$A$15:$A$28,F11) | AU11: =IF(H11=0,0,AD11/H11) | AV11: =AU11-AT11 | AX11: =SUMIFS([1]инфо!$C$15:$C$28,[1]инфо!$A$15:$A$28,F11)*H11
A12: 46073 | B12: 0010 | C12: Линия 1 | D12: ночь | E12: Султанулы | F12: РП красный | G12: 43 | H12: 2096 | I12: =IFERROR(H12*VLOOKUP(F12,[1]инфо!$A$15:$C$28,3,FALSE)/1000,0) | K12: 23 | L12: 1 | N12: 4347 | O12: 13442 | P12: 12846 | S12: =SUM(O12:R12) | Y12: 430 | AC12: 430 | AD12: 215 | AE12: =SUMIFS([1]инфо!$D$15:$D$28,[1]инфо!$A$15:$A$28,F12) | AF12: =IF(H12=0,0,N12/H12) | AG12: =AF12-AE12 | AH12: =SUMIFS([1]инфо!$E$15:$E$28,[1]инфо!$A$15:$A$28,F12) | AI12: =IF(H12=0,0,S12/H12) | AJ12: =AI12-AH12 | AK12: =SUMIFS([1]инфо!$F$15:$F$28,[1]инфо!$A$15:$A$28,F12) | AL12: =IF(H12=0,0,Y12/H12) | AM12: =AL12-AK12 | AN12: =SUMIFS([1]инфо!$G$15:$G$28,[1]инфо!$A$15:$A$28,F12) | AO12: =IF(H12=0,0,AA12/H12) | AP12: =AO12-AN12 | AQ12: =SUMIFS([1]инфо!$H$15:$H$28,[1]инфо!$A$15:$A$28,F12) | AR12: =IF(H12=0,0,AC12/H12) | AS12: =AR12-AQ12 | AT12: =SUMIFS([1]инфо!$I$15:$I$28,[1]инфо!$A$15:$A$28,F12) | AU12: =IF(H12=0,0,AD12/H12) | AV12: =AU12-AT12 | AX12: =SUMIFS([1]инфо!$C$15:$C$28,[1]инфо!$A$15:$A$28,F12)*H12
A13: =A11+1 | B13: 0011 | C13: Линия 1 | D13: день | E13: Монаев | F13: РП красный | G13: 37 | H13: 1760 | I13: =IFERROR(H13*VLOOKUP(F13,[1]инфо!$A$15:$C$28,3,FALSE)/1000,0) | J13: 1700 | K13: 23 | L13: 2 | N13: 3737 | O13: 11620 | P13: 11009 | S13: =SUM(O13:R13) | Y13: 370 | AC13: 370 | AD13: 185 | AE13: =SUMIFS([1]инфо!$D$15:$D$28,[1]инфо!$A$15:$A$28,F13) | AF13: =IF(H13=0,0,N13/H13) | AG13: =AF13-AE13 | AH13: =SUMIFS([1]инфо!$E$15:$E$28,[1]инфо!$A$15:$A$28,F13) | AI13: =IF(H13=0,0,S13/H13) | AJ13: =AI13-AH13 | AK13: =SUMIFS([1]инфо!$F$15:$F$28,[1]инфо!$A$15:$A$28,F13) | AL13: =IF(H13=0,0,Y13/H13) | AM13: =AL13-AK13 | AN13: =SUMIFS([1]инфо!$G$15:$G$28,[1]инфо!$A$15:$A$28,F13) | AO13: =IF(H13=0,0,AA13/H13) | AP13: =AO13-AN13 | AQ13: =SUMIFS([1]инфо!$H$15:$H$28,[1]инфо!$A$15:$A$28,F13) | AR13: =IF(H13=0,0,AC13/H13) | AS13: =AR13-AQ13 | AT13: =SUMIFS([1]инфо!$I$15:$I$28,[1]инфо!$A$15:$A$28,F13) | AU13: =IF(H13=0,0,AD13/H13) | AV13: =AU13-AT13 | AX13: =SUMIFS([1]инфо!$C$15:$C$28,[1]инфо!$A$15:$A$28,F13)*H13
A14: =A12+1 | B14: 0012 | C14: Линия 1 | D14: ночь | E14: Дауылбай | F14: РП красный | G14: 41 | H14: 1935 | I14: =IFERROR(H14*VLOOKUP(F14,[1]инфо!$A$15:$C$28,3,FALSE)/1000,0) | J14: 1900 | K14: 10 | L14: 8 | N14: 4142 | O14: 12831 | P14: 12243 | S14: =SUM(O14:R14) | Y14: 380 | AC14: 410 | AD14: 205 | AE14: =SUMIFS([1]инфо!$D$15:$D$28,[1]инфо!$A$15:$A$28,F14) | AF14: =IF(H14=0,0,N14/H14) | AG14: =AF14-AE14 | AH14: =SUMIFS([1]инфо!$E$15:$E$28,[1]инфо!$A$15:$A$28,F14) | AI14: =IF(H14=0,0,S14/H14) | AJ14: =AI14-AH14 | AK14: =SUMIFS([1]инфо!$F$15:$F$28,[1]инфо!$A$15:$A$28,F14) | AL14: =IF(H14=0,0,Y14/H14) | AM14: =AL14-AK14 | AN14: =SUMIFS([1]инфо!$G$15:$G$28,[1]инфо!$A$15:$A$28,F14) | AO14: =IF(H14=0,0,AA14/H14) | AP14: =AO14-AN14 | AQ14: =SUMIFS([1]инфо!$H$15:$H$28,[1]инфо!$A$15:$A$28,F14) | AR14: =IF(H14=0,0,AC14/H14) | AS14: =AR14-AQ14 | AT14: =SUMIFS([1]инфо!$I$15:$I$28,[1]инфо!$A$15:$A$28,F14) | AU14: =IF(H14=0,0,AD14/H14) | AV14: =AU14-AT14 | AX14: =SUMIFS([1]инфо!$C$15:$C$28,[1]инфо!$A$15:$A$28,F14)*H14
A15: =A13+1 | B15: 0013 | C15: Линия 1 | D15: день | E15: Монаев | F15: РП красный | G15: 31 | H15: 1520 | I15: =IFERROR(H15*VLOOKUP(F15,[1]инфо!$A$15:$C$28,3,FALSE)/1000,0) | K15: 7 | L15: 2 | N15: 3127 | O15: 9169 | P15: 9798 | S15: =SUM(O15:R15) | Y15: 310 | AC15: 310 | AD15: 155 | AE15: =SUMIFS([1]инфо!$D$15:$D$28,[1]инфо!$A$15:$A$28,F15) | AF15: =IF(H15=0,0,N15/H15) | AG15: =AF15-AE15 | AH15: =SUMIFS([1]инфо!$E$15:$E$28,[1]инфо!$A$15:$A$28,F15) | AI15: =IF(H15=0,0,S15/H15) | AJ15: =AI15-AH15 | AK15: =SUMIFS([1]инфо!$F$15:$F$28,[1]инфо!$A$15:$A$28,F15) | AL15: =IF(H15=0,0,Y15/H15) | AM15: =AL15-AK15 | AN15: =SUMIFS([1]инфо!$G$15:$G$28,[1]инфо!$A$15:$A$28,F15) | AO15: =IF(H15=0,0,AA15/H15) | AP15: =AO15-AN15 | AQ15: =SUMIFS([1]инфо!$H$15:$H$28,[1]инфо!$A$15:$A$28,F15) | AR15: =IF(H15=0,0,AC15/H15) | AS15: =AR15-AQ15 | AT15: =SUMIFS([1]инфо!$I$15:$I$28,[1]инфо!$A$15:$A$28,F15) | AU15: =IF(H15=0,0,AD15/H15) | AV15: =AU15-AT15 | AX15: =SUMIFS([1]инфо!$C$15:$C$28,[1]инфо!$A$15:$A$28,F15)*H15
A16: 46075 | B16: 0014 | C16: Линия 1 | D16: ночь | E16: Дауылбай | F16: РП красный | G16: 42 | H16: 1985 | I16: =IFERROR(H16*VLOOKUP(F16,[1]инфо!$A$15:$C$28,3,FALSE)/1000,0) | K16: 11 | L16: 1 | N16: 4243 | O16: 13418 | P16: 12245 | S16: =SUM(O16:R16) | Y16: 420 | AC16: 420 | AD16: 210 | AE16: =SUMIFS([1]инфо!$D$15:$D$28,[1]инфо!$A$15:$A$28,F16) | AF16: =IF(H16=0,0,N16/H16) | AG16: =AF16-AE16 | AH16: =SUMIFS([1]инфо!$E$15:$E$28,[1]инфо!$A$15:$A$28,F16) | AI16: =IF(H16=0,0,S16/H16) | AJ16: =AI16-AH16 | AK16: =SUMIFS([1]инфо!$F$15:$F$28,[1]инфо!$A$15:$A$28,F16) | AL16: =IF(H16=0,0,Y16/H16) | AM16: =AL16-AK16 | AN16: =SUMIFS([1]инфо!$G$15:$G$28,[1]инфо!$A$15:$A$28,F16) | AO16: =IF(H16=0,0,AA16/H16) | AP16: =AO16-AN16 | AQ16: =SUMIFS([1]инфо!$H$15:$H$28,[1]инфо!$A$15:$A$28,F16) | AR16: =IF(H16=0,0,AC16/H16) | AS16: =AR16-AQ16 | AT16: =SUMIFS([1]инфо!$I$15:$I$28,[1]инфо!$A$15:$A$28,F16) | AU16: =IF(H16=0,0,AD16/H16) | AV16: =AU16-AT16 | AX16: =SUMIFS([1]инфо!$C$15:$C$28,[1]инфо!$A$15:$A$28,F16)*H16
A17: =A15+1 | B17: 0015 | C17: Линия 1 | D17: день | E17: Султанулы | F17: РП половинка красный | G17: 19 | H17: 1175 | I17: =IFERROR(H17*VLOOKUP(F17,[1]инфо!$A$15:$C$28,3,FALSE)/1000,0) | K17: 8 | L17: 4 | N17: 1916 | O17: 6715 | P17: 4877 | S17: =SUM(O17:R17) | Y17: 190 | AC17: 190 | AE17: =SUMIFS([1]инфо!$D$15:$D$28,[1]инфо!$A$15:$A$28,F17) | AF17: =IF(H17=0,0,N17/H17) | AG17: =AF17-AE17 | AH17: =SUMIFS([1]инфо!$E$15:$E$28,[1]инфо!$A$15:$A$28,F17) | AI17: =IF(H17=0,0,S17/H17) | AJ17: =AI17-AH17 | AK17: =SUMIFS([1]инфо!$F$15:$F$28,[1]инфо!$A$15:$A$28,F17) | AL17: =IF(H17=0,0,Y17/H17) | AM17: =AL17-AK17 | AN17: =SUMIFS([1]инфо!$G$15:$G$28,[1]инфо!$A$15:$A$28,F17) | AO17: =IF(H17=0,0,AA17/H17) | AP17: =AO17-AN17 | AQ17: =SUMIFS([1]инфо!$H$15:$H$28,[1]инфо!$A$15:$A$28,F17) | AR17: =IF(H17=0,0,AC17/H17) | AS17: =AR17-AQ17 | AT17: =SUMIFS([1]инфо!$I$15:$I$28,[1]инфо!$A$15:$A$28,F17) | AU17: =IF(H17=0,0,AD17/H17) | AV17: =AU17-AT17 | AX17: =SUMIFS([1]инфо!$C$15:$C$28,[1]инфо!$A$15:$A$28,F17)*H17
A18: 46076 | B18: 0016 | C18: Линия 1 | D18: ночь | E18: Монаев | F18: РП половинка красный | G18: 37 | H18: 3145 | I18: =IFERROR(H18*VLOOKUP(F18,[1]инфо!$A$15:$C$28,3,FALSE)/1000,0) | N18: 3724 | O18: 11459 | P18: 12099 | S18: =SUM(O18:R18) | Y18: 370 | AC18: 370 | AE18: =SUMIFS([1]инфо!$D$15:$D$28,[1]инфо!$A$15:$A$28,F18) | AF18: =IF(H18=0,0,N18/H18) | AG18: =AF18-AE18 | AH18: =SUMIFS([1]инфо!$E$15:$E$28,[1]инфо!$A$15:$A$28,F18) | AI18: =IF(H18=0,0,S18/H18) | AJ18: =AI18-AH18 | AK18: =SUMIFS([1]инфо!$F$15:$F$28,[1]инфо!$A$15:$A$28,F18) | AL18: =IF(H18=0,0,Y18/H18) | AM18: =AL18-AK18 | AN18: =SUMIFS([1]инфо!$G$15:$G$28,[1]инфо!$A$15:$A$28,F18) | AO18: =IF(H18=0,0,AA18/H18) | AP18: =AO18-AN18 | AQ18: =SUMIFS([1]инфо!$H$15:$H$28,[1]инфо!$A$15:$A$28,F18) | AR18: =IF(H18=0,0,AC18/H18) | AS18: =AR18-AQ18 | AT18: =SUMIFS([1]инфо!$I$15:$I$28,[1]инфо!$A$15:$A$28,F18) | AU18: =IF(H18=0,0,AD18/H18) | AV18: =AU18-AT18 | AX18: =SUMIFS([1]инфо!$C$15:$C$28,[1]инфо!$A$15:$A$28,F18)*H18
A19: =A17+1 | B19: 0017 | C19: Линия 1 | D19: день | E19: Султанулы | F19: РП половинка красный | G19: 27 | H19: 2210 | I19: =IFERROR(H19*VLOOKUP(F19,[1]инфо!$A$15:$C$28,3,FALSE)/1000,0) | K19: 5 | L19: 2 | N19: 2727 | O19: 8349 | P19: 8971 | S19: =SUM(O19:R19) | Y19: 135 | AC19: 270 | AE19: =SUMIFS([1]инфо!$D$15:$D$28,[1]инфо!$A$15:$A$28,F19) | AF19: =IF(H19=0,0,N19/H19) | AG19: =AF19-AE19 | AH19: =SUMIFS([1]инфо!$E$15:$E$28,[1]инфо!$A$15:$A$28,F19) | AI19: =IF(H19=0,0,S19/H19) | AJ19: =AI19-AH19 | AK19: =SUMIFS([1]инфо!$F$15:$F$28,[1]инфо!$A$15:$A$28,F19) | AL19: =IF(H19=0,0,Y19/H19) | AM19: =AL19-AK19 | AN19: =SUMIFS([1]инфо!$G$15:$G$28,[1]инфо!$A$15:$A$28,F19) | AO19: =IF(H19=0,0,AA19/H19) | AP19: =AO19-AN19 | AQ19: =SUMIFS([1]инфо!$H$15:$H$28,[1]инфо!$A$15:$A$28,F19) | AR19: =IF(H19=0,0,AC19/H19) | AS19: =AR19-AQ19 | AT19: =SUMIFS([1]инфо!$I$15:$I$28,[1]инфо!$A$15:$A$28,F19) | AU19: =IF(H19=0,0,AD19/H19) | AV19: =AU19-AT19 | AX19: =SUMIFS([1]инфо!$C$15:$C$28,[1]инфо!$A$15:$A$28,F19)*H19
A20: =A18+1 | B20: 0018 | C20: Линия 1 | D20: ночь | E20: Монаев | F20: РП половинка коричневый | G20: 32 | H20: 3403 | I20: =IFERROR(H20*VLOOKUP(F20,[1]инфо!$A$15:$C$28,3,FALSE)/1000,0) | K20: 21 | L20: 3 | N20: 3243 | O20: 10902 | P20: 9629 | S20: =SUM(O20:R20) | Y20: 160 | AC20: 320 | AD20: 160 | AE20: =SUMIFS([1]инфо!$D$15:$D$28,[1]инфо!$A$15:$A$28,F20) | AF20: =IF(H20=0,0,N20/H20) | AG20: =AF20-AE20 | AH20: =SUMIFS([1]инфо!$E$15:$E$28,[1]инфо!$A$15:$A$28,F20) | AI20: =IF(H20=0,0,S20/H20) | AJ20: =AI20-AH20 | AK20: =SUMIFS([1]инфо!$F$15:$F$28,[1]инфо!$A$15:$A$28,F20) | AL20: =IF(H20=0,0,Y20/H20) | AM20: =AL20-AK20 | AN20: =SUMIFS([1]инфо!$G$15:$G$28,[1]инфо!$A$15:$A$28,F20) | AO20: =IF(H20=0,0,AA20/H20) | AP20: =AO20-AN20 | AQ20: =SUMIFS([1]инфо!$H$15:$H$28,[1]инфо!$A$15:$A$28,F20) | AR20: =IF(H20=0,0,AC20/H20) | AS20: =AR20-AQ20 | AT20: =SUMIFS([1]инфо!$I$15:$I$28,[1]инфо!$A$15:$A$28,F20) | AU20: =IF(H20=0,0,AD20/H20) | AV20: =AU20-AT20 | AX20: =SUMIFS([1]инфо!$C$15:$C$28,[1]инфо!$A$15:$A$28,F20)*H20
A21: =A19+1 | B21: 0019 | C21: Линия 1 | D21: день | E21: Дауылбай | F21: РП половинка | G21: 5 | H21: 426 | I21: =IFERROR(H21*VLOOKUP(F21,[1]инфо!$A$15:$C$28,3,FALSE)/1000,0) | J21: 1400 | K21: 5 | M21: 893 | N21: 503 | O21: 3203 | P21: 0 | S21: =SUM(O21:R21) | Y21: 25 | AC21: 50 | AE21: =SUMIFS([1]инфо!$D$15:$D$28,[1]инфо!$A$15:$A$28,F21) | AF21: =IF(H21=0,0,N21/H21) | AG21: =AF21-AE21 | AH21: =SUMIFS([1]инфо!$E$15:$E$28,[1]инфо!$A$15:$A$28,F21) | AI21: =IF(H21=0,0,S21/H21) | AJ21: =AI21-AH21 | AK21: =SUMIFS([1]инфо!$F$15:$F$28,[1]инфо!$A$15:$A$28,F21) | AL21: =IF(H21=0,0,Y21/H21) | AM21: =AL21-AK21 | AN21: =SUMIFS([1]инфо!$G$15:$G$28,[1]инфо!$A$15:$A$28,F21) | AO21: =IF(H21=0,0,AA21/H21) | AP21: =AO21-AN21 | AQ21: =SUMIFS([1]инфо!$H$15:$H$28,[1]инфо!$A$15:$A$28,F21) | AR21: =IF(H21=0,0,AC21/H21) | AS21: =AR21-AQ21 | AT21: =SUMIFS([1]инфо!$I$15:$I$28,[1]инфо!$A$15:$A$28,F21) | AU21: =IF(H21=0,0,AD21/H21) | AV21: =AU21-AT21 | AX21: =SUMIFS([1]инфо!$C$15:$C$28,[1]инфо!$A$15:$A$28,F21)*H21
A22: =A20+1 | B22: 0020 | C22: Линия 1 | D22: ночь | E22: Султанулы | F22: РП половинка коричневый | G22: 22 | H22: 3310 | I22: =IFERROR(H22*VLOOKUP(F22,[1]инфо!$A$15:$C$28,3,FALSE)/1000,0) | J22: 1200 | K22: 3 | L22: 1 | M22: 171 | N22: 2224 | O22: 10264 | P22: 4457 | S22: =SUM(O22:R22) | Y22: 198 | AC22: 220 | AE22: =SUMIFS([1]инфо!$D$15:$D$28,[1]инфо!$A$15:$A$28,F22) | AF22: =IF(H22=0,0,N22/H22) | AG22: =AF22-AE22 | AH22: =SUMIFS([1]инфо!$E$15:$E$28,[1]инфо!$A$15:$A$28,F22) | AI22: =IF(H22=0,0,S22/H22) | AJ22: =AI22-AH22 | AK22: =SUMIFS([1]инфо!$F$15:$F$28,[1]инфо!$A$15:$A$28,F22) | AL22: =IF(H22=0,0,Y22/H22) | AM22: =AL22-AK22 | AN22: =SUMIFS([1]инфо!$G$15:$G$28,[1]инфо!$A$15:$A$28,F22) | AO22: =IF(H22=0,0,AA22/H22) | AP22: =AO22-AN22 | AQ22: =SUMIFS([1]инфо!$H$15:$H$28,[1]инфо!$A$15:$A$28,F22) | AR22: =IF(H22=0,0,AC22/H22) | AS22: =AR22-AQ22 | AT22: =SUMIFS([1]инфо!$I$15:$I$28,[1]инфо!$A$15:$A$28,F22) | AU22: =IF(H22=0,0,AD22/H22) | AV22: =AU22-AT22 | AX22: =SUMIFS([1]инфо!$C$15:$C$28,[1]инфо!$A$15:$A$28,F22)*H22
A23: =A21+1 | B23: 0021 | C23: Линия 1 | D23: день | E23: Дауылбай | F23: РП половинка коричневый | G23: 21 | H23: 2530 | I23: =IFERROR(H23*VLOOKUP(F23,[1]инфо!$A$15:$C$28,3,FALSE)/1000,0) | J23: 2200 | K23: 14 | L23: 2 | M23: 159 | N23: 2125 | O23: 6586 | P23: 7227 | S23: =SUM(O23:R23) | Y23: 189 | AC23: 210 | AD23: 30 | AE23: =SUMIFS([1]инфо!$D$15:$D$28,[1]инфо!$A$15:$A$28,F23) | AF23: =IF(H23=0,0,N23/H23) | AG23: =AF23-AE23 | AH23: =SUMIFS([1]инфо!$E$15:$E$28,[1]инфо!$A$15:$A$28,F23) | AI23: =IF(H23=0,0,S23/H23) | AJ23: =AI23-AH23 | AK23: =SUMIFS([1]инфо!$F$15:$F$28,[1]инфо!$A$15:$A$28,F23) | AL23: =IF(H23=0,0,Y23/H23) | AM23: =AL23-AK23 | AN23: =SUMIFS([1]инфо!$G$15:$G$28,[1]инфо!$A$15:$A$28,F23) | AO23: =IF(H23=0,0,AA23/H23) | AP23: =AO23-AN23 | AQ23: =SUMIFS([1]инфо!$H$15:$H$28,[1]инфо!$A$15:$A$28,F23) | AR23: =IF(H23=0,0,AC23/H23) | AS23: =AR23-AQ23 | AT23: =SUMIFS([1]инфо!$I$15:$I$28,[1]инфо!$A$15:$A$28,F23) | AU23: =IF(H23=0,0,AD23/H23) | AV23: =AU23-AT23 | AX23: =SUMIFS([1]инфо!$C$15:$C$28,[1]инфо!$A$15:$A$28,F23)*H23
A24: =A22+1 | B24: 0022 | C24: Линия 1 | D24: ночь | E24: Султанулы | F24: РП половинка коричневый | G24: 32 | H24: 3595 | I24: =IFERROR(H24*VLOOKUP(F24,[1]инфо!$A$15:$C$28,3,FALSE)/1000,0) | J24: 3400 | K24: 11 | L24: 1 | M24: 257 | N24: 3227 | O24: 10905 | P24: 9610 | S24: =SUM(O24:R24) | Y24: 270 | AC24: 320 | AD24: 160 | AE24: =SUMIFS([1]инфо!$D$15:$D$28,[1]инфо!$A$15:$A$28,F24) | AF24: =IF(H24=0,0,N24/H24) | AG24: =AF24-AE24 | AH24: =SUMIFS([1]инфо!$E$15:$E$28,[1]инфо!$A$15:$A$28,F24) | AI24: =IF(H24=0,0,S24/H24) | AJ24: =AI24-AH24 | AK24: =SUMIFS([1]инфо!$F$15:$F$28,[1]инфо!$A$15:$A$28,F24) | AL24: =IF(H24=0,0,Y24/H24) | AM24: =AL24-AK24 | AN24: =SUMIFS([1]инфо!$G$15:$G$28,[1]инфо!$A$15:$A$28,F24) | AO24: =IF(H24=0,0,AA24/H24) | AP24: =AO24-AN24 | AQ24: =SUMIFS([1]инфо!$H$15:$H$28,[1]инфо!$A$15:$A$28,F24) | AR24: =IF(H24=0,0,AC24/H24) | AS24: =AR24-AQ24 | AT24: =SUMIFS([1]инфо!$I$15:$I$28,[1]инфо!$A$15:$A$28,F24) | AU24: =IF(H24=0,0,AD24/H24) | AV24: =AU24-AT24 | AX24: =SUMIFS([1]инфо!$C$15:$C$28,[1]инфо!$A$15:$A$28,F24)*H24
A25: =A23+1 | B25: 0023 | C25: Линия 1 | D25: день | E25: Монаев | F25: плоский 10 | G25: 8 | H25: 204 | I25: =IFERROR(H25*VLOOKUP(F25,[1]инфо!$A$15:$C$28,3,FALSE)/1000,0) | K25: 7 | L25: 7 | M25: 180 | N25: 812 | O25: 637 | P25: 4366 | S25: 5003 | AC25: 80 | AD25: 7 | AE25: =SUMIFS([1]инфо!$D$15:$D$28,[1]инфо!$A$15:$A$28,F25) | AF25: =IF(H25=0,0,N25/H25) | AG25: =AF25-AE25 | AH25: =SUMIFS([1]инфо!$E$15:$E$28,[1]инфо!$A$15:$A$28,F25) | AI25: =IF(H25=0,0,S25/H25) | AJ25: =AI25-AH25 | AK25: =SUMIFS([1]инфо!$F$15:$F$28,[1]инфо!$A$15:$A$28,F25) | AL25: =IF(H25=0,0,Y25/H25) | AM25: =AL25-AK25 | AN25: =SUMIFS([1]инфо!$G$15:$G$28,[1]инфо!$A$15:$A$28,F25) | AO25: =IF(H25=0,0,AA25/H25) | AP25: =AO25-AN25 | AQ25: =SUMIFS([1]инфо!$H$15:$H$28,[1]инфо!$A$15:$A$28,F25) | AR25: =IF(H25=0,0,AC25/H25) | AS25: =AR25-AQ25 | AT25: =SUMIFS([1]инфо!$I$15:$I$28,[1]инфо!$A$15:$A$28,F25) | AU25: =IF(H25=0,0,AD25/H25) | AV25: =AU25-AT25 | AX25: =SUMIFS([1]инфо!$C$15:$C$28,[1]инфо!$A$15:$A$28,F25)*H25
A26: =A24+1 | B26: 0024 | C26: Линия 1 | D26: ночь | E26: Дауылбай | F26: плоский 10 | G26: 42 | H26: 1041 | I26: =IFERROR(H26*VLOOKUP(F26,[1]инфо!$A$15:$C$28,3,FALSE)/1000,0) | J26: 650 | K26: 8 | L26: 2 | M26: 91 | N26: 4254 | O26: 10247 | P26: 16661 | S26: =SUM(O26:R26) | Y26: 378 | AC26: 420 | AD26: 205 | AE26: =SUMIFS([1]инфо!$D$15:$D$28,[1]инфо!$A$15:$A$28,F26) | AF26: =IF(H26=0,0,N26/H26) | AG26: =AF26-AE26 | AH26: =SUMIFS([1]инфо!$E$15:$E$28,[1]инфо!$A$15:$A$28,F26) | AI26: =IF(H26=0,0,S26/H26) | AJ26: =AI26-AH26 | AK26: =SUMIFS([1]инфо!$F$15:$F$28,[1]инфо!$A$15:$A$28,F26) | AL26: =IF(H26=0,0,Y26/H26) | AM26: =AL26-AK26 | AN26: =SUMIFS([1]инфо!$G$15:$G$28,[1]инфо!$A$15:$A$28,F26) | AO26: =IF(H26=0,0,AA26/H26) | AP26: =AO26-AN26 | AQ26: =SUMIFS([1]инфо!$H$15:$H$28,[1]инфо!$A$15:$A$28,F26) | AR26: =IF(H26=0,0,AC26/H26) | AS26: =AR26-AQ26 | AT26: =SUMIFS([1]инфо!$I$15:$I$28,[1]инфо!$A$15:$A$28,F26) | AU26: =IF(H26=0,0,AD26/H26) | AV26: =AU26-AT26 | AX26: =SUMIFS([1]инфо!$C$15:$C$28,[1]инфо!$A$15:$A$28,F26)*H26
A27: =A25+1 | B27: 0025 | C27: Линия 1 | D27: день | E27: Бекбосынов | F27: плоский 10 | G27: 18 | H27: 799 | I27: =IFERROR(H27*VLOOKUP(F27,[1]инфо!$A$15:$C$28,3,FALSE)/1000,0) | J27: 1000 | K27: 0 | L27: 2 | M27: 20 | N27: 3647 | O27: 11527 | P27: 11547 | S27: =SUM(O27:R27) | AC27: 360 | AD27: 180 | AE27: =SUMIFS([1]инфо!$D$15:$D$28,[1]инфо!$A$15:$A$28,F27) | AF27: =IF(H27=0,0,N27/H27) | AG27: =AF27-AE27 | AH27: =SUMIFS([1]инфо!$E$15:$E$28,[1]инфо!$A$15:$A$28,F27) | AI27: =IF(H27=0,0,S27/H27) | AJ27: =AI27-AH27 | AK27: =SUMIFS([1]инфо!$F$15:$F$28,[1]инфо!$A$15:$A$28,F27) | AL27: =IF(H27=0,0,Y27/H27) | AM27: =AL27-AK27 | AN27: =SUMIFS([1]инфо!$G$15:$G$28,[1]инфо!$A$15:$A$28,F27) | AO27: =IF(H27=0,0,AA27/H27) | AP27: =AO27-AN27 | AQ27: =SUMIFS([1]инфо!$H$15:$H$28,[1]инфо!$A$15:$A$28,F27) | AR27: =IF(H27=0,0,AC27/H27) | AS27: =AR27-AQ27 | AT27: =SUMIFS([1]инфо!$I$15:$I$28,[1]инфо!$A$15:$A$28,F27) | AU27: =IF(H27=0,0,AD27/H27) | AV27: =AU27-AT27 | AX27: =SUMIFS([1]инфо!$C$15:$C$28,[1]инфо!$A$15:$A$28,F27)*H27
A28: =A26+1 | B28: 0026 | C28: Линия 1 | D28: ночь | E28: Монаев | F28: плоский 10 | G28: 21 | H28: 500 | I28: =IFERROR(H28*VLOOKUP(F28,[1]инфо!$A$15:$C$28,3,FALSE)/1000,0) | J28: 350 | K28: 1 | M28: 41 | N28: 2127 | O28: 6415 | P28: 7060 | S28: =SUM(O28:R28) | Y28: 189 | AC28: 210 | AD28: 10 | AE28: =SUMIFS([1]инфо!$D$15:$D$28,[1]инфо!$A$15:$A$28,F28) | AF28: =IF(H28=0,0,N28/H28) | AG28: =AF28-AE28 | AH28: =SUMIFS([1]инфо!$E$15:$E$28,[1]инфо!$A$15:$A$28,F28) | AI28: =IF(H28=0,0,S28/H28) | AJ28: =AI28-AH28 | AK28: =SUMIFS([1]инфо!$F$15:$F$28,[1]инфо!$A$15:$A$28,F28) | AL28: =IF(H28=0,0,Y28/H28) | AM28: =AL28-AK28 | AN28: =SUMIFS([1]инфо!$G$15:$G$28,[1]инфо!$A$15:$A$28,F28) | AO28: =IF(H28=0,0,AA28/H28) | AP28: =AO28-AN28 | AQ28: =SUMIFS([1]инфо!$H$15:$H$28,[1]инфо!$A$15:$A$28,F28) | AR28: =IF(H28=0,0,AC28/H28) | AS28: =AR28-AQ28 | AT28: =SUMIFS([1]инфо!$I$15:$I$28,[1]инфо!$A$15:$A$28,F28) | AU28: =IF(H28=0,0,AD28/H28) | AV28: =AU28-AT28 | AX28: =SUMIFS([1]инфо!$C$15:$C$28,[1]инфо!$A$15:$A$28,F28)*H28
A29: =A27+1 | B29: 0027 | C29: Линия 1 | D29: день | E29: Султанулы | F29: плоский 10 | G29: 24 | H29: 580 | I29: =IFERROR(H29*VLOOKUP(F29,[1]инфо!$A$15:$C$28,3,FALSE)/1000,0) | J29: 550 | K29: 15 | L29: 4 | M29: 128 | N29: 2412 | O29: 5770 | P29: 9619 | S29: =SUM(O29:R29) | Y29: 216 | AC29: 240 | AD29: 120 | AE29: =SUMIFS([1]инфо!$D$15:$D$28,[1]инфо!$A$15:$A$28,F29) | AF29: =IF(H29=0,0,N29/H29) | AG29: =AF29-AE29 | AH29: =SUMIFS([1]инфо!$E$15:$E$28,[1]инфо!$A$15:$A$28,F29) | AI29: =IF(H29=0,0,S29/H29) | AJ29: =AI29-AH29 | AK29: =SUMIFS([1]инфо!$F$15:$F$28,[1]инфо!$A$15:$A$28,F29) | AL29: =IF(H29=0,0,Y29/H29) | AM29: =AL29-AK29 | AN29: =SUMIFS([1]инфо!$G$15:$G$28,[1]инфо!$A$15:$A$28,F29) | AO29: =IF(H29=0,0,AA29/H29) | AP29: =AO29-AN29 | AQ29: =SUMIFS([1]инфо!$H$15:$H$28,[1]инфо!$A$15:$A$28,F29) | AR29: =IF(H29=0,0,AC29/H29) | AS29: =AR29-AQ29 | AT29: =SUMIFS([1]инфо!$I$15:$I$28,[1]инфо!$A$15:$A$28,F29) | AU29: =IF(H29=0,0,AD29/H29) | AV29: =AU29-AT29 | AX29: =SUMIFS([1]инфо!$C$15:$C$28,[1]инфо!$A$15:$A$28,F29)*H29
A30: =A28+1 | B30: 0028 | C30: Линия 1 | D30: ночь | E30: Бекбосынов | F30: плоский 10 | G30: 47 | H30: 1126 | I30: =IFERROR(H30*VLOOKUP(F30,[1]инфо!$A$15:$C$28,3,FALSE)/1000,0) | J30: 1200 | K30: 6 | L30: 2 | M30: 86 | N30: 4737 | O30: 14773 | P30: 15399 | S30: =SUM(O30:R30) | Y30: 423 | AC30: 470 | AD30: 235 | AE30: =SUMIFS([1]инфо!$D$15:$D$28,[1]инфо!$A$15:$A$28,F30) | AF30: =IF(H30=0,0,N30/H30) | AG30: =AF30-AE30 | AH30: =SUMIFS([1]инфо!$E$15:$E$28,[1]инфо!$A$15:$A$28,F30) | AI30: =IF(H30=0,0,S30/H30) | AJ30: =AI30-AH30 | AK30: =SUMIFS([1]инфо!$F$15:$F$28,[1]инфо!$A$15:$A$28,F30) | AL30: =IF(H30=0,0,Y30/H30) | AM30: =AL30-AK30 | AN30: =SUMIFS([1]инфо!$G$15:$G$28,[1]инфо!$A$15:$A$28,F30) | AO30: =IF(H30=0,0,AA30/H30) | AP30: =AO30-AN30 | AQ30: =SUMIFS([1]инфо!$H$15:$H$28,[1]инфо!$A$15:$A$28,F30) | AR30: =IF(H30=0,0,AC30/H30) | AS30: =AR30-AQ30 | AT30: =SUMIFS([1]инфо!$I$15:$I$28,[1]инфо!$A$15:$A$28,F30) | AU30: =IF(H30=0,0,AD30/H30) | AV30: =AU30-AT30 | AX30: =SUMIFS([1]инфо!$C$15:$C$28,[1]инфо!$A$15:$A$28,F30)*H30
A31: =A29+1 | B31: 0029 | C31: Линия 1 | D31: день | E31: Дауылбай | F31: плоский 10 | G31: 30 | H31: 810 | I31: =IFERROR(H31*VLOOKUP(F31,[1]инфо!$A$15:$C$28,3,FALSE)/1000,0) | J31: 1000 | K31: 3 | M31: 136 | N31: 3035 | O31: 8337 | P31: 10896 | S31: =SUM(O31:R31) | Y31: 54 | AC31: 290 | AD31: 140 | AE31: =SUMIFS([1]инфо!$D$15:$D$28,[1]инфо!$A$15:$A$28,F31) | AF31: =IF(H31=0,0,N31/H31) | AG31: =AF31-AE31 | AH31: =SUMIFS([1]инфо!$E$15:$E$28,[1]инфо!$A$15:$A$28,F31) | AI31: =IF(H31=0,0,S31/H31) | AJ31: =AI31-AH31 | AK31: =SUMIFS([1]инфо!$F$15:$F$28,[1]инфо!$A$15:$A$28,F31) | AL31: =IF(H31=0,0,Y31/H31) | AM31: =AL31-AK31 | AN31: =SUMIFS([1]инфо!$G$15:$G$28,[1]инфо!$A$15:$A$28,F31) | AO31: =IF(H31=0,0,AA31/H31) | AP31: =AO31-AN31 | AQ31: =SUMIFS([1]инфо!$H$15:$H$28,[1]инфо!$A$15:$A$28,F31) | AR31: =IF(H31=0,0,AC31/H31) | AS31: =AR31-AQ31 | AT31: =SUMIFS([1]инфо!$I$15:$I$28,[1]инфо!$A$15:$A$28,F31) | AU31: =IF(H31=0,0,AD31/H31) | AV31: =AU31-AT31 | AX31: =SUMIFS([1]инфо!$C$15:$C$28,[1]инфо!$A$15:$A$28,F31)*H31
A32: 46083 | B32: нет | C32: Линия 1 | D32: ночь | E32: Султанулы | F32: плоский 10 | G32: 0 | H32: 0 | I32: =IFERROR(H32*VLOOKUP(F32,[1]инфо!$A$15:$C$28,3,FALSE)/1000,0) | J32: 300 | K32: 7 | L32: 1 | S32: =SUM(O32:R32) | AE32: =SUMIFS([1]инфо!$D$15:$D$28,[1]инфо!$A$15:$A$28,F32) | AF32: =IF(H32=0,0,N32/H32) | AG32: =AF32-AE32 | AH32: =SUMIFS([1]инфо!$E$15:$E$28,[1]инфо!$A$15:$A$28,F32) | AI32: =IF(H32=0,0,S32/H32) | AJ32: =AI32-AH32 | AK32: =SUMIFS([1]инфо!$F$15:$F$28,[1]инфо!$A$15:$A$28,F32) | AL32: =IF(H32=0,0,Y32/H32) | AM32: =AL32-AK32 | AN32: =SUMIFS([1]инфо!$G$15:$G$28,[1]инфо!$A$15:$A$28,F32) | AO32: =IF(H32=0,0,AA32/H32) | AP32: =AO32-AN32 | AQ32: =SUMIFS([1]инфо!$H$15:$H$28,[1]инфо!$A$15:$A$28,F32) | AR32: =IF(H32=0,0,AC32/H32) | AS32: =AR32-AQ32 | AT32: =SUMIFS([1]инфо!$I$15:$I$28,[1]инфо!$A$15:$A$28,F32) | AU32: =IF(H32=0,0,AD32/H32) | AV32: =AU32-AT32 | AX32: =SUMIFS([1]инфо!$C$15:$C$28,[1]инфо!$A$15:$A$28,F32)*H32
A33: =A31+1 | B33: 0030 | C33: Линия 1 | D33: день | E33: Монаев | F33: плоский 10 | G33: 16 | H33: 420 | I33: =IFERROR(H33*VLOOKUP(F33,[1]инфо!$A$15:$C$28,3,FALSE)/1000,0) | M33: 74 | N33: 1609 | O33: 3675 | P33: 6284 | S33: =SUM(O33:R33) | Y33: 135 | AC33: 30 | AD33: 80 | AE33: =SUMIFS([1]инфо!$D$15:$D$28,[1]инфо!$A$15:$A$28,F33) | AF33: =IF(H33=0,0,N33/H33) | AG33: =AF33-AE33 | AH33: =SUMIFS([1]инфо!$E$15:$E$28,[1]инфо!$A$15:$A$28,F33) | AI33: =IF(H33=0,0,S33/H33) | AJ33: =AI33-AH33 | AK33: =SUMIFS([1]инфо!$F$15:$F$28,[1]инфо!$A$15:$A$28,F33) | AL33: =IF(H33=0,0,Y33/H33) | AM33: =AL33-AK33 | AN33: =SUMIFS([1]инфо!$G$15:$G$28,[1]инфо!$A$15:$A$28,F33) | AO33: =IF(H33=0,0,AA33/H33) | AP33: =AO33-AN33 | AQ33: =SUMIFS([1]инфо!$H$15:$H$28,[1]инфо!$A$15:$A$28,F33) | AR33: =IF(H33=0,0,AC33/H33) | AS33: =AR33-AQ33 | AT33: =SUMIFS([1]инфо!$I$15:$I$28,[1]инфо!$A$15:$A$28,F33) | AU33: =IF(H33=0,0,AD33/H33) | AV33: =AU33-AT33 | AX33: =SUMIFS([1]инфо!$C$15:$C$28,[1]инфо!$A$15:$A$28,F33)*H33
A34: =A32+1 | B34: 0031 | C34: Линия 1 | D34: ночь | E34: Дауылбай | F34: плоский 10 | G34: 14 | H34: 330 | I34: =IFERROR(H34*VLOOKUP(F34,[1]инфо!$A$15:$C$28,3,FALSE)/1000,0) | J34: 300 | M34: 111 | N34: 1411 | O34: 4479 | P34: 4484 | S34: =SUM(O34:R34) | T34: 100 | U34: 640 | Y34: 126 | AC34: 140 | AD34: 70 | AE34: =SUMIFS([1]инфо!$D$15:$D$28,[1]инфо!$A$15:$A$28,F34) | AF34: =IF(H34=0,0,N34/H34) | AG34: =AF34-AE34 | AH34: =SUMIFS([1]инфо!$E$15:$E$28,[1]инфо!$A$15:$A$28,F34) | AI34: =IF(H34=0,0,S34/H34) | AJ34: =AI34-AH34 | AK34: =SUMIFS([1]инфо!$F$15:$F$28,[1]инфо!$A$15:$A$28,F34) | AL34: =IF(H34=0,0,Y34/H34) | AM34: =AL34-AK34 | AN34: =SUMIFS([1]инфо!$G$15:$G$28,[1]инфо!$A$15:$A$28,F34) | AO34: =IF(H34=0,0,AA34/H34) | AP34: =AO34-AN34 | AQ34: =SUMIFS([1]инфо!$H$15:$H$28,[1]инфо!$A$15:$A$28,F34) | AR34: =IF(H34=0,0,AC34/H34) | AS34: =AR34-AQ34 | AT34: =SUMIFS([1]инфо!$I$15:$I$28,[1]инфо!$A$15:$A$28,F34) | AU34: =IF(H34=0,0,AD34/H34) | AV34: =AU34-AT34 | AX34: =SUMIFS([1]инфо!$C$15:$C$28,[1]инфо!$A$15:$A$28,F34)*H34
A35: =A33+1 | B35: 0032 | C35: Линия 1 | D35: день | E35: Бекбосынов | F35: плоский 10 | G35: 9 | H35: 200 | I35: =IFERROR(H35*VLOOKUP(F35,[1]инфо!$A$15:$C$28,3,FALSE)/1000,0) | K35: 4 | M35: 13 | N35: 909 | O35: 5118 | P35: 639 | S35: =SUM(O35:R35) | Y35: 81 | AC35: 90 | AD35: 45 | AE35: =SUMIFS([1]инфо!$D$15:$D$28,[1]инфо!$A$15:$A$28,F35) | AF35: =IF(H35=0,0,N35/H35) | AG35: =AF35-AE35 | AH35: =SUMIFS([1]инфо!$E$15:$E$28,[1]инфо!$A$15:$A$28,F35) | AI35: =IF(H35=0,0,S35/H35) | AJ35: =AI35-AH35 | AK35: =SUMIFS([1]инфо!$F$15:$F$28,[1]инфо!$A$15:$A$28,F35) | AL35: =IF(H35=0,0,Y35/H35) | AM35: =AL35-AK35 | AN35: =SUMIFS([1]инфо!$G$15:$G$28,[1]инфо!$A$15:$A$28,F35) | AO35: =IF(H35=0,0,AA35/H35) | AP35: =AO35-AN35 | AQ35: =SUMIFS([1]инфо!$H$15:$H$28,[1]инфо!$A$15:$A$28,F35) | AR35: =IF(H35=0,0,AC35/H35) | AS35: =AR35-AQ35 | AT35: =SUMIFS([1]инфо!$I$15:$I$28,[1]инфо!$A$15:$A$28,F35) | AU35: =IF(H35=0,0,AD35/H35) | AV35: =AU35-AT35 | AX35: =SUMIFS([1]инфо!$C$15:$C$28,[1]инфо!$A$15:$A$28,F35)*H35
A36: =A34+1 | B36: 0033 | C36: Линия 1 | D36: ночь | E36: Монаев | F36: плоский 10 | G36: 23 | H36: 600 | I36: =IFERROR(H36*VLOOKUP(F36,[1]инфо!$A$15:$C$28,3,FALSE)/1000,0) | J36: 300 | M36: 72 | N36: 2321 | O36: 3834 | P36: 10887 | S36: =SUM(O36:R36) | Y36: 155 | AC36: 230 | AD36: 115 | AE36: =SUMIFS([1]инфо!$D$15:$D$28,[1]инфо!$A$15:$A$28,F36) | AF36: =IF(H36=0,0,N36/H36) | AG36: =AF36-AE36 | AH36: =SUMIFS([1]инфо!$E$15:$E$28,[1]инфо!$A$15:$A$28,F36) | AI36: =IF(H36=0,0,S36/H36) | AJ36: =AI36-AH36 | AK36: =SUMIFS([1]инфо!$F$15:$F$28,[1]инфо!$A$15:$A$28,F36) | AL36: =IF(H36=0,0,Y36/H36) | AM36: =AL36-AK36 | AN36: =SUMIFS([1]инфо!$G$15:$G$28,[1]инфо!$A$15:$A$28,F36) | AO36: =IF(H36=0,0,AA36/H36) | AP36: =AO36-AN36 | AQ36: =SUMIFS([1]инфо!$H$15:$H$28,[1]инфо!$A$15:$A$28,F36) | AR36: =IF(H36=0,0,AC36/H36) | AS36: =AR36-AQ36 | AT36: =SUMIFS([1]инфо!$I$15:$I$28,[1]инфо!$A$15:$A$28,F36) | AU36: =IF(H36=0,0,AD36/H36) | AV36: =AU36-AT36 | AX36: =SUMIFS([1]инфо!$C$15:$C$28,[1]инфо!$A$15:$A$28,F36)*H35
A37: =A35+1 | B37: 0034 | C37: Линия 1 | D37: день | E37: Султанулы | F37: плоский 10 | G37: 11 | H37: 214 | I37: =IFERROR(H37*VLOOKUP(F37,[1]инфо!$A$15:$C$28,3,FALSE)/1000,0) | J37: 400 | K37: 2 | L37: 1 | M37: 25 | N37: 1113 | O37: 1279 | P37: 5762 | S37: =SUM(O37:R37) | T37: 55 | Y37: 110 | AC37: 110 | AE37: =SUMIFS([1]инфо!$D$15:$D$28,[1]инфо!$A$15:$A$28,F37) | AF37: =IF(H37=0,0,N37/H37) | AG37: =AF37-AE37 | AH37: =SUMIFS([1]инфо!$E$15:$E$28,[1]инфо!$A$15:$A$28,F37) | AI37: =IF(H37=0,0,S37/H37) | AJ37: =AI37-AH37 | AK37: =SUMIFS([1]инфо!$F$15:$F$28,[1]инфо!$A$15:$A$28,F37) | AL37: =IF(H37=0,0,Y37/H37) | AM37: =AL37-AK37 | AN37: =SUMIFS([1]инфо!$G$15:$G$28,[1]инфо!$A$15:$A$28,F37) | AO37: =IF(H37=0,0,AA37/H37) | AP37: =AO37-AN37 | AQ37: =SUMIFS([1]инфо!$H$15:$H$28,[1]инфо!$A$15:$A$28,F37) | AR37: =IF(H36=0,0,AC37/H36) | AS37: =AR37-AQ37 | AT37: =SUMIFS([1]инфо!$I$15:$I$28,[1]инфо!$A$15:$A$28,F37) | AU37: =IF(H37=0,0,AD37/H37) | AV37: =AU37-AT37 | AX37: =SUMIFS([1]инфо!$C$15:$C$28,[1]инфо!$A$15:$A$28,F37)*H36
A38: 46087 | B38: 0035 | C38: Линия 1 | D38: день | E38: Дауылбай | F38: плоский 10 | G38: 25 | H38: 590 | I38: =IFERROR(H38*VLOOKUP(F38,[1]инфо!$A$15:$C$28,3,FALSE)/1000,0) | J38: 550 | M38: 170 | N38: 2644 | P38: 15653 | S38: =SUM(O38:R38) | Y38: 250 | AC38: 250 | AD38: 125 | AE38: =SUMIFS([1]инфо!$D$15:$D$28,[1]инфо!$A$15:$A$28,F38) | AF38: =IF(H38=0,0,N38/H38) | AG38: =AF38-AE38 | AH38: =SUMIFS([1]инфо!$E$15:$E$28,[1]инфо!$A$15:$A$28,F38) | AI38: =IF(H38=0,0,S38/H38) | AJ38: =AI38-AH38 | AK38: =SUMIFS([1]инфо!$F$15:$F$28,[1]инфо!$A$15:$A$28,F38) | AL38: =IF(H38=0,0,Y38/H38) | AM38: =AL38-AK38 | AN38: =SUMIFS([1]инфо!$G$15:$G$28,[1]инфо!$A$15:$A$28,F38) | AO38: =IF(H38=0,0,AA38/H38) | AP38: =AO38-AN38 | AQ38: =SUMIFS([1]инфо!$H$15:$H$28,[1]инфо!$A$15:$A$28,F38) | AR38: =IF(H37=0,0,AC38/H37) | AS38: =AR38-AQ38 | AT38: =SUMIFS([1]инфо!$I$15:$I$28,[1]инфо!$A$15:$A$28,F38) | AU38: =IF(H38=0,0,AD38/H38) | AV38: =AU38-AT38 | AX38: =SUMIFS([1]инфо!$C$15:$C$28,[1]инфо!$A$15:$A$28,F38)*H37
A39: =A37+1 | B39: 0036 | C39: Линия 1 | D39: ночь | E39: Султанулы | F39: плоский 10 | G39: 43 | H39: 1045 | I39: =IFERROR(H39*VLOOKUP(F39,[1]инфо!$A$15:$C$28,3,FALSE)/1000,0) | J39: 950 | K39: 1 | M39: 765 | N39: 4340 | O39: 27583 | S39: =SUM(O39:R39) | Y39: 430 | AC39: 430 | AD39: 215 | AE39: =SUMIFS([1]инфо!$D$15:$D$28,[1]инфо!$A$15:$A$28,F39) | AF39: =IF(H39=0,0,N39/H39) | AG39: =AF39-AE39 | AH39: =SUMIFS([1]инфо!$E$15:$E$28,[1]инфо!$A$15:$A$28,F39) | AI39: =IF(H39=0,0,S39/H39) | AJ39: =AI39-AH39 | AK39: =SUMIFS([1]инфо!$F$15:$F$28,[1]инфо!$A$15:$A$28,F39) | AL39: =IF(H39=0,0,Y39/H39) | AM39: =AL39-AK39 | AN39: =SUMIFS([1]инфо!$G$15:$G$28,[1]инфо!$A$15:$A$28,F39) | AO39: =IF(H39=0,0,AA39/H39) | AP39: =AO39-AN39 | AQ39: =SUMIFS([1]инфо!$H$15:$H$28,[1]инфо!$A$15:$A$28,F39) | AR39: =IF(H38=0,0,AC39/H38) | AS39: =AR39-AQ39 | AT39: =SUMIFS([1]инфо!$I$15:$I$28,[1]инфо!$A$15:$A$28,F39) | AU39: =IF(H39=0,0,AD39/H39) | AV39: =AU39-AT39 | AX39: =SUMIFS([1]инфо!$C$15:$C$28,[1]инфо!$A$15:$A$28,F39)*H38
A40: =A38+1 | B40: 0037 | C40: Линия 1 | D40: день | E40: Монаев | F40: плоский 8 | G40: 34 | H40: 960 | I40: =IFERROR(H40*VLOOKUP(F40,[1]инфо!$A$15:$C$28,3,FALSE)/1000,0) | J40: 900 | L40: 4 | M40: 39 | N40: 3447 | P40: 21822 | S40: =SUM(O40:R40) | Y40: 340 | AC40: 340 | AD40: 170 | AE40: =SUMIFS([1]инфо!$D$15:$D$28,[1]инфо!$A$15:$A$28,F40) | AF40: =IF(H40=0,0,N40/H40) | AG40: =AF40-AE40 | AH40: =SUMIFS([1]инфо!$E$15:$E$28,[1]инфо!$A$15:$A$28,F40) | AI40: =IF(H40=0,0,S40/H40) | AJ40: =AI40-AH40 | AK40: =SUMIFS([1]инфо!$F$15:$F$28,[1]инфо!$A$15:$A$28,F40) | AL40: =IF(H40=0,0,Y40/H40) | AM40: =AL40-AK40 | AN40: =SUMIFS([1]инфо!$G$15:$G$28,[1]инфо!$A$15:$A$28,F40) | AO40: =IF(H40=0,0,AA40/H40) | AP40: =AO40-AN40 | AQ40: =SUMIFS([1]инфо!$H$15:$H$28,[1]инфо!$A$15:$A$28,F40) | AR40: =IF(H39=0,0,AC40/H39) | AS40: =AR40-AQ40 | AT40: =SUMIFS([1]инфо!$I$15:$I$28,[1]инфо!$A$15:$A$28,F40) | AU40: =IF(H40=0,0,AD40/H40) | AV40: =AU40-AT40 | AX40: =SUMIFS([1]инфо!$C$15:$C$28,[1]инфо!$A$15:$A$28,F40)*H39
A41: =A39+1 | B41: 0038 | C41: Линия 1 | D41: ночь | E41: Дауылбай | F41: плоский 8 | G41: 35 | H41: 1065 | I41: =IFERROR(H41*VLOOKUP(F41,[1]инфо!$A$15:$C$28,3,FALSE)/1000,0) | J41: 1100 | K41: 1 | M41: 145 | N41: 3565 | P41: 22456 | S41: =SUM(O41:R41) | Y41: 350 | AC41: 350 | AD41: 175 | AE41: =SUMIFS([1]инфо!$D$15:$D$28,[1]инфо!$A$15:$A$28,F41) | AF41: =IF(H41=0,0,N41/H41) | AG41: =AF41-AE41 | AH41: =SUMIFS([1]инфо!$E$15:$E$28,[1]инфо!$A$15:$A$28,F41) | AI41: =IF(H41=0,0,S41/H41) | AJ41: =AI41-AH41 | AK41: =SUMIFS([1]инфо!$F$15:$F$28,[1]инфо!$A$15:$A$28,F41) | AL41: =IF(H41=0,0,Y41/H41) | AM41: =AL41-AK41 | AN41: =SUMIFS([1]инфо!$G$15:$G$28,[1]инфо!$A$15:$A$28,F41) | AO41: =IF(H41=0,0,AA41/H41) | AP41: =AO41-AN41 | AQ41: =SUMIFS([1]инфо!$H$15:$H$28,[1]инфо!$A$15:$A$28,F41) | AR41: =IF(H40=0,0,AC41/H40) | AS41: =AR41-AQ41 | AT41: =SUMIFS([1]инфо!$I$15:$I$28,[1]инфо!$A$15:$A$28,F41) | AU41: =IF(H41=0,0,AD41/H41) | AV41: =AU41-AT41 | AX41: =SUMIFS([1]инфо!$C$15:$C$28,[1]инфо!$A$15:$A$28,F41)*H40
A42: =A40+1 | B42: 0039 | C42: Линия 1 | D42: день | E42: Бекбосынов | F42: плоский 8 | G42: 20 | H42: 700 | I42: =IFERROR(H42*VLOOKUP(F42,[1]инфо!$A$15:$C$28,3,FALSE)/1000,0) | J42: 1400 | K42: 3 | M42: 26 | N42: 2018 | O42: 8968 | P42: 3850 | S42: =SUM(O42:R42) | Y42: 200 | AC42: 200 | AD42: 100 | AE42: =SUMIFS([1]инфо!$D$15:$D$28,[1]инфо!$A$15:$A$28,F42) | AF42: =IF(H42=0,0,N42/H42) | AG42: =AF42-AE42 | AH42: =SUMIFS([1]инфо!$E$15:$E$28,[1]инфо!$A$15:$A$28,F42) | AI42: =IF(H42=0,0,S42/H42) | AJ42: =AI42-AH42 | AK42: =SUMIFS([1]инфо!$F$15:$F$28,[1]инфо!$A$15:$A$28,F42) | AL42: =IF(H42=0,0,Y42/H42) | AM42: =AL42-AK42 | AN42: =SUMIFS([1]инфо!$G$15:$G$28,[1]инфо!$A$15:$A$28,F42) | AO42: =IF(H42=0,0,AA42/H42) | AP42: =AO42-AN42 | AQ42: =SUMIFS([1]инфо!$H$15:$H$28,[1]инфо!$A$15:$A$28,F42) | AR42: =IF(H41=0,0,AC42/H41) | AS42: =AR42-AQ42 | AT42: =SUMIFS([1]инфо!$I$15:$I$28,[1]инфо!$A$15:$A$28,F42) | AU42: =IF(H42=0,0,AD42/H42) | AV42: =AU42-AT42 | AX42: =SUMIFS([1]инфо!$C$15:$C$28,[1]инфо!$A$15:$A$28,F42)*H41
A43: =A41+1 | B43: 0040 | C43: Линия 1 | D43: ночь | E43: Монаев | F43: плоский 8 | G43: 23 | H43: 672 | I43: =IFERROR(H43*VLOOKUP(F43,[1]инфо!$A$15:$C$28,3,FALSE)/1000,0) | J43: 900 | K43: 1 | M43: 38 | N43: 3389 | O43: 21744 | S43: =SUM(O43:R43) | Y43: 300 | AC43: 230 | AD43: 170 | AE43: =SUMIFS([1]инфо!$D$15:$D$28,[1]инфо!$A$15:$A$28,F43) | AF43: =IF(H43=0,0,N43/H43) | AG43: =AF43-AE43 | AH43: =SUMIFS([1]инфо!$E$15:$E$28,[1]инфо!$A$15:$A$28,F43) | AI43: =IF(H43=0,0,S43/H43) | AJ43: =AI43-AH43 | AK43: =SUMIFS([1]инфо!$F$15:$F$28,[1]инфо!$A$15:$A$28,F43) | AL43: =IF(H43=0,0,Y43/H43) | AM43: =AL43-AK43 | AN43: =SUMIFS([1]инфо!$G$15:$G$28,[1]инфо!$A$15:$A$28,F43) | AO43: =IF(H43=0,0,AA43/H43) | AP43: =AO43-AN43 | AQ43: =SUMIFS([1]инфо!$H$15:$H$28,[1]инфо!$A$15:$A$28,F43) | AR43: =IF(H42=0,0,AC43/H42) | AS43: =AR43-AQ43 | AT43: =SUMIFS([1]инфо!$I$15:$I$28,[1]инфо!$A$15:$A$28,F43) | AU43: =IF(H43=0,0,AD43/H43) | AV43: =AU43-AT43 | AX43: =SUMIFS([1]инфо!$C$15:$C$28,[1]инфо!$A$15:$A$28,F43)*H42
A44: 46089 | B44: 0040 | C44: Линия 1 | D44: ночь | E44: Монаев | F44: плоский 6 | G44: 11 | H44: 500 | I44: =IFERROR(H44*VLOOKUP(F44,[1]инфо!$A$15:$C$28,3,FALSE)/1000,0) | AC44: 110 | AF44: =IF(H44=0,0,N44/H44) | AI44: =IF(H44=0,0,S44/H44) | AL44: =IF(H44=0,0,Y44/H44) | AO44: =IF(H44=0,0,AA44/H44) | AU44: =IF(H44=0,0,AD44/H44)
A45: =A42+1 | B45: 0042 | C45: Линия 1 | D45: день | E45: Султанулы | F45: плоский 6 | G45: 27 | H45: 890 | I45: =IFERROR(H45*VLOOKUP(F45,[1]инфо!$A$15:$C$28,3,FALSE)/1000,0) | J45: 800 | K45: 1 | L45: 3 | M45: 137 | N45: 2701 | O45: 17282 | S45: =SUM(O45:R45) | T45: 135 | Y45: 220 | AC45: 270 | AE45: =SUMIFS([1]инфо!$D$15:$D$28,[1]инфо!$A$15:$A$28,F45) | AF45: =IF(H45=0,0,N45/H45) | AG45: =AF45-AE45 | AH45: =SUMIFS([1]инфо!$E$15:$E$28,[1]инфо!$A$15:$A$28,F45) | AI45: =IF(H45=0,0,S45/H45) | AJ45: =AI45-AH45 | AK45: =SUMIFS([1]инфо!$F$15:$F$28,[1]инфо!$A$15:$A$28,F45) | AL45: =IF(H45=0,0,Y45/H45) | AM45: =AL45-AK45 | AN45: =SUMIFS([1]инфо!$G$15:$G$28,[1]инфо!$A$15:$A$28,F45) | AO45: =IF(H45=0,0,AA45/H45) | AP45: =AO45-AN45 | AQ45: =SUMIFS([1]инфо!$H$15:$H$28,[1]инфо!$A$15:$A$28,F45) | AR45: =IF(H43=0,0,AC45/H43) | AS45: =AR45-AQ45 | AT45: =SUMIFS([1]инфо!$I$15:$I$28,[1]инфо!$A$15:$A$28,F45) | AU45: =IF(H45=0,0,AD45/H45) | AV45: =AU45-AT45 | AX45: =SUMIFS([1]инфо!$C$15:$C$28,[1]инфо!$A$15:$A$28,F45)*H43
A46: =A43+1 | B46: 0042 | C46: Линия 1 | D46: ночь | E46: Бекбосынов | F46: плоский 6 | G46: 20 | H46: 706 | I46: =IFERROR(H46*VLOOKUP(F46,[1]инфо!$A$15:$C$28,3,FALSE)/1000,0) | J46: 800 | K46: 17 | L46: 12 | M46: 89 | N46: 2010 | O46: 12180 | P46: 639 | S46: =SUM(O46:R46) | Y46: 200 | AC46: 200 | AD46: 100 | AE46: =SUMIFS([1]инфо!$D$15:$D$28,[1]инфо!$A$15:$A$28,F46) | AF46: =IF(H46=0,0,N46/H46) | AG46: =AF46-AE46 | AH46: =SUMIFS([1]инфо!$E$15:$E$28,[1]инфо!$A$15:$A$28,F46) | AI46: =IF(H46=0,0,S46/H46) | AJ46: =AI46-AH46 | AK46: =SUMIFS([1]инфо!$F$15:$F$28,[1]инфо!$A$15:$A$28,F46) | AL46: =IF(H46=0,0,Y46/H46) | AM46: =AL46-AK46 | AN46: =SUMIFS([1]инфо!$G$15:$G$28,[1]инфо!$A$15:$A$28,F46) | AO46: =IF(H46=0,0,AA46/H46) | AP46: =AO46-AN46 | AQ46: =SUMIFS([1]инфо!$H$15:$H$28,[1]инфо!$A$15:$A$28,F46) | AR46: =IF(H45=0,0,AC46/H45) | AS46: =AR46-AQ46 | AT46: =SUMIFS([1]инфо!$I$15:$I$28,[1]инфо!$A$15:$A$28,F46) | AU46: =IF(H46=0,0,AD46/H46) | AV46: =AU46-AT46 | AX46: =SUMIFS([1]инфо!$C$15:$C$28,[1]инфо!$A$15:$A$28,F46)*H45
A47: =A45+1 | B47: 0043 | C47: Линия 1 | D47: ночь | E47: Султанулы | F47: плоский 10 | G47: 18 | H47: 370 | I47: =IFERROR(H47*VLOOKUP(F47,[1]инфо!$A$15:$C$28,3,FALSE)/1000,0) | J47: 500 | K47: 2 | M47: 26 | N47: 1807 | O47: 11530 | S47: =SUM(O47:R47) | Y47: 180 | AC47: 180 | AE47: =SUMIFS([1]инфо!$D$15:$D$28,[1]инфо!$A$15:$A$28,F47) | AF47: =IF(H47=0,0,N47/H47) | AG47: =AF47-AE47 | AH47: =SUMIFS([1]инфо!$E$15:$E$28,[1]инфо!$A$15:$A$28,F47) | AI47: =IF(H47=0,0,S47/H47) | AJ47: =AI47-AH47 | AK47: =SUMIFS([1]инфо!$F$15:$F$28,[1]инфо!$A$15:$A$28,F47) | AL47: =IF(H47=0,0,Y47/H47) | AM47: =AL47-AK47 | AN47: =SUMIFS([1]инфо!$G$15:$G$28,[1]инфо!$A$15:$A$28,F47) | AO47: =IF(H47=0,0,AA47/H47) | AP47: =AO47-AN47 | AQ47: =SUMIFS([1]инфо!$H$15:$H$28,[1]инфо!$A$15:$A$28,F47) | AR47: =IF(H46=0,0,AC47/H46) | AS47: =AR47-AQ47 | AT47: =SUMIFS([1]инфо!$I$15:$I$28,[1]инфо!$A$15:$A$28,F47) | AU47: =IF(H47=0,0,AD47/H47) | AV47: =AU47-AT47 | AX47: =SUMIFS([1]инфо!$C$15:$C$28,[1]инфо!$A$15:$A$28,F47)*H46
A48: =A46+1 | I48: =IFERROR(H48*VLOOKUP(F48,[1]инфо!$A$15:$C$28,3,FALSE)/1000,0) | S48: =SUM(O48:R48) | AE48: =SUMIFS([1]инфо!$D$15:$D$28,[1]инфо!$A$15:$A$28,F48) | AF48: =IF(H48=0,0,N48/H48) | AG48: =AF48-AE48 | AH48: =SUMIFS([1]инфо!$E$15:$E$28,[1]инфо!$A$15:$A$28,F48) | AI48: =IF(H48=0,0,S48/H48) | AJ48: =AI48-AH48 | AK48: =SUMIFS([1]инфо!$F$15:$F$28,[1]инфо!$A$15:$A$28,F48) | AL48: =IF(H48=0,0,Y48/H48) | AM48: =AL48-AK48 | AN48: =SUMIFS([1]инфо!$G$15:$G$28,[1]инфо!$A$15:$A$28,F48) | AO48: =IF(H48=0,0,AA48/H48) | AP48: =AO48-AN48 | AQ48: =SUMIFS([1]инфо!$H$15:$H$28,[1]инфо!$A$15:$A$28,F48) | AR48: =IF(H47=0,0,AC48/H47) | AS48: =AR48-AQ48 | AT48: =SUMIFS([1]инфо!$I$15:$I$28,[1]инфо!$A$15:$A$28,F48) | AU48: =IF(H48=0,0,AD48/H48) | AV48: =AU48-AT48 | AX48: =SUMIFS([1]инфо!$C$15:$C$28,[1]инфо!$A$15:$A$28,F48)*H47
A49: =A47+1 | B49: 0044 | C49: Линия 1 | D49: ночь | E49: Дауылбай | F49: плоский 10 | G49: 24 | H49: 560 | I49: =IFERROR(H49*VLOOKUP(F49,[1]инфо!$A$15:$C$28,3,FALSE)/1000,0) | J49: 400 | K49: 8 | M49: 84 | N49: 2422 | O49: 2561 | P49: 12834 | S49: =SUM(O49:R49) | Y49: 220 | AC49: 240 | AE49: =SUMIFS([1]инфо!$D$15:$D$28,[1]инфо!$A$15:$A$28,F49) | AF49: =IF(H49=0,0,N49/H49) | AG49: =AF49-AE49 | AH49: =SUMIFS([1]инфо!$E$15:$E$28,[1]инфо!$A$15:$A$28,F49) | AI49: =IF(H49=0,0,S49/H49) | AJ49: =AI49-AH49 | AK49: =SUMIFS([1]инфо!$F$15:$F$28,[1]инфо!$A$15:$A$28,F49) | AL49: =IF(H49=0,0,Y49/H49) | AM49: =AL49-AK49 | AN49: =SUMIFS([1]инфо!$G$15:$G$28,[1]инфо!$A$15:$A$28,F49) | AO49: =IF(H49=0,0,AA49/H49) | AP49: =AO49-AN49 | AQ49: =SUMIFS([1]инфо!$H$15:$H$28,[1]инфо!$A$15:$A$28,F49) | AR49: =IF(H48=0,0,AC49/H48) | AS49: =AR49-AQ49 | AT49: =SUMIFS([1]инфо!$I$15:$I$28,[1]инфо!$A$15:$A$28,F49) | AU49: =IF(H49=0,0,AD49/H49) | AV49: =AU49-AT49 | AX49: =SUMIFS([1]инфо!$C$15:$C$28,[1]инфо!$A$15:$A$28,F49)*H48
A50: =A48+1 | I50: =IFERROR(H50*VLOOKUP(F50,[1]инфо!$A$15:$C$28,3,FALSE)/1000,0) | S50: =SUM(O50:R50) | AE50: =SUMIFS([1]инфо!$D$15:$D$28,[1]инфо!$A$15:$A$28,F50) | AF50: =IF(H50=0,0,N50/H50) | AG50: =AF50-AE50 | AH50: =SUMIFS([1]инфо!$E$15:$E$28,[1]инфо!$A$15:$A$28,F50) | AI50: =IF(H50=0,0,S50/H50) | AJ50: =AI50-AH50 | AK50: =SUMIFS([1]инфо!$F$15:$F$28,[1]инфо!$A$15:$A$28,F50) | AL50: =IF(H50=0,0,Y50/H50) | AM50: =AL50-AK50 | AN50: =SUMIFS([1]инфо!$G$15:$G$28,[1]инфо!$A$15:$A$28,F50) | AO50: =IF(H50=0,0,AA50/H50) | AP50: =AO50-AN50 | AQ50: =SUMIFS([1]инфо!$H$15:$H$28,[1]инфо!$A$15:$A$28,F50) | AR50: =IF(H49=0,0,AC50/H49) | AS50: =AR50-AQ50 | AT50: =SUMIFS([1]инфо!$I$15:$I$28,[1]инфо!$A$15:$A$28,F50) | AU50: =IF(H50=0,0,AD50/H50) | AV50: =AU50-AT50 | AX50: =SUMIFS([1]инфо!$C$15:$C$28,[1]инфо!$A$15:$A$28,F50)*H49
A51: =A49+1 | I51: =IFERROR(H51*VLOOKUP(F51,[1]инфо!$A$15:$C$28,3,FALSE)/1000,0) | S51: =SUM(O51:R51) | AE51: =SUMIFS([1]инфо!$D$15:$D$28,[1]инфо!$A$15:$A$28,F51) | AF51: =IF(H51=0,0,N51/H51) | AG51: =AF51-AE51 | AH51: =SUMIFS([1]инфо!$E$15:$E$28,[1]инфо!$A$15:$A$28,F51) | AI51: =IF(H51=0,0,S51/H51) | AJ51: =AI51-AH51 | AK51: =SUMIFS([1]инфо!$F$15:$F$28,[1]инфо!$A$15:$A$28,F51) | AL51: =IF(H51=0,0,Y51/H51) | AM51: =AL51-AK51 | AN51: =SUMIFS([1]инфо!$G$15:$G$28,[1]инфо!$A$15:$A$28,F51) | AO51: =IF(H51=0,0,AA51/H51) | AP51: =AO51-AN51 | AQ51: =SUMIFS([1]инфо!$H$15:$H$28,[1]инфо!$A$15:$A$28,F51) | AR51: =IF(H50=0,0,AC51/H50) | AS51: =AR51-AQ51 | AT51: =SUMIFS([1]инфо!$I$15:$I$28,[1]инфо!$A$15:$A$28,F51) | AU51: =IF(H51=0,0,AD51/H51) | AV51: =AU51-AT51 | AX51: =SUMIFS([1]инфо!$C$15:$C$28,[1]инфо!$A$15:$A$28,F51)*H50
A52: =A50+1 | B52: 0045 | C52: Линия 1 | D52: ночь | E52: Монаев | F52: плоский 10 | G52: 24 | H52: 500 | I52: =IFERROR(H52*VLOOKUP(F52,[1]инфо!$A$15:$C$28,3,FALSE)/1000,0) | J52: 600 | K52: 4 | M52: 52 | N52: 2398 | O52: 15331 | S52: =SUM(O52:R52) | Y52: 220 | AC52: 240 | AE52: =SUMIFS([1]инфо!$D$15:$D$28,[1]инфо!$A$15:$A$28,F52) | AF52: =IF(H52=0,0,N52/H52) | AG52: =AF52-AE52 | AH52: =SUMIFS([1]инфо!$E$15:$E$28,[1]инфо!$A$15:$A$28,F52) | AI52: =IF(H52=0,0,S52/H52) | AJ52: =AI52-AH52 | AK52: =SUMIFS([1]инфо!$F$15:$F$28,[1]инфо!$A$15:$A$28,F52) | AL52: =IF(H52=0,0,Y52/H52) | AM52: =AL52-AK52 | AN52: =SUMIFS([1]инфо!$G$15:$G$28,[1]инфо!$A$15:$A$28,F52) | AO52: =IF(H52=0,0,AA52/H52) | AP52: =AO52-AN52 | AQ52: =SUMIFS([1]инфо!$H$15:$H$28,[1]инфо!$A$15:$A$28,F52) | AR52: =IF(H51=0,0,AC52/H51) | AS52: =AR52-AQ52 | AT52: =SUMIFS([1]инфо!$I$15:$I$28,[1]инфо!$A$15:$A$28,F52) | AU52: =IF(H52=0,0,AD52/H52) | AV52: =AU52-AT52 | AX52: =SUMIFS([1]инфо!$C$15:$C$28,[1]инфо!$A$15:$A$28,F52)*H51
A53: =A51+1 | I53: =IFERROR(H53*VLOOKUP(F53,[1]инфо!$A$15:$C$28,3,FALSE)/1000,0) | S53: =SUM(O53:R53) | AE53: =SUMIFS([1]инфо!$D$15:$D$28,[1]инфо!$A$15:$A$28,F53) | AF53: =IF(H53=0,0,N53/H53) | AG53: =AF53-AE53 | AH53: =SUMIFS([1]инфо!$E$15:$E$28,[1]инфо!$A$15:$A$28,F53) | AI53: =IF(H53=0,0,S53/H53) | AJ53: =AI53-AH53 | AK53: =SUMIFS([1]инфо!$F$15:$F$28,[1]инфо!$A$15:$A$28,F53) | AL53: =IF(H53=0,0,Y53/H53) | AM53: =AL53-AK53 | AN53: =SUMIFS([1]инфо!$G$15:$G$28,[1]инфо!$A$15:$A$28,F53) | AO53: =IF(H53=0,0,AA53/H53) | AP53: =AO53-AN53 | AQ53: =SUMIFS([1]инфо!$H$15:$H$28,[1]инфо!$A$15:$A$28,F53) | AR53: =IF(H52=0,0,AC53/H52) | AS53: =AR53-AQ53 | AT53: =SUMIFS([1]инфо!$I$15:$I$28,[1]инфо!$A$15:$A$28,F53) | AU53: =IF(H53=0,0,AD53/H53) | AV53: =AU53-AT53 | AX53: =SUMIFS([1]инфо!$C$15:$C$28,[1]инфо!$A$15:$A$28,F53)*H52
A54: =A52+1 | B54: 0046 | C54: Линия 1 | D54: ночь | E54: Бекбосынов | F54: плоский 10 | G54: 12 | H54: 264 | I54: =IFERROR(H54*VLOOKUP(F54,[1]инфо!$A$15:$C$28,3,FALSE)/1000,0) | J54: 400 | L54: 179 | M54: 50 | N54: 1210 | O54: 7700 | S54: =SUM(O54:R54) | Y54: 120 | AC54: 120 | AE54: =SUMIFS([1]инфо!$D$15:$D$28,[1]инфо!$A$15:$A$28,F54) | AF54: =IF(H54=0,0,N54/H54) | AG54: =AF54-AE54 | AH54: =SUMIFS([1]инфо!$E$15:$E$28,[1]инфо!$A$15:$A$28,F54) | AI54: =IF(H54=0,0,S54/H54) | AJ54: =AI54-AH54 | AK54: =SUMIFS([1]инфо!$F$15:$F$28,[1]инфо!$A$15:$A$28,F54) | AL54: =IF(H54=0,0,Y54/H54) | AM54: =AL54-AK54 | AN54: =SUMIFS([1]инфо!$G$15:$G$28,[1]инфо!$A$15:$A$28,F54) | AO54: =IF(H54=0,0,AA54/H54) | AP54: =AO54-AN54 | AQ54: =SUMIFS([1]инфо!$H$15:$H$28,[1]инфо!$A$15:$A$28,F54) | AR54: =IF(H53=0,0,AC54/H53) | AS54: =AR54-AQ54 | AT54: =SUMIFS([1]инфо!$I$15:$I$28,[1]инфо!$A$15:$A$28,F54) | AU54: =IF(H54=0,0,AD54/H54) | AV54: =AU54-AT54 | AX54: =SUMIFS([1]инфо!$C$15:$C$28,[1]инфо!$A$15:$A$28,F54)*H53
A55: =A53+1 | B55: 0047 | C55: линия 2 | D55: день | E55: Дауылбай | F55: 8 волн рифленый | G55: 18 | H55: 800 | I55: =IFERROR(H55*VLOOKUP(F55,[1]инфо!$A$15:$C$28,3,FALSE)/1000,0) | K55: 30 | L55: 8 | N55: 1834 | Q55: 3916 | R55: 7756 | S55: =SUM(O55:R55) | Y55: 140 | AE55: =SUMIFS([1]инфо!$D$15:$D$28,[1]инфо!$A$15:$A$28,F55) | AF55: =IF(H55=0,0,N55/H55) | AG55: =AF55-AE55 | AH55: =SUMIFS([1]инфо!$E$15:$E$28,[1]инфо!$A$15:$A$28,F55) | AI55: =IF(H55=0,0,S55/H55) | AJ55: =AI55-AH55 | AK55: =SUMIFS([1]инфо!$F$15:$F$28,[1]инфо!$A$15:$A$28,F55) | AL55: =IF(H55=0,0,Y55/H55) | AM55: =AL55-AK55 | AN55: =SUMIFS([1]инфо!$G$15:$G$28,[1]инфо!$A$15:$A$28,F55) | AO55: =IF(H55=0,0,AA55/H55) | AP55: =AO55-AN55 | AQ55: =SUMIFS([1]инфо!$H$15:$H$28,[1]инфо!$A$15:$A$28,F55) | AR55: =IF(H54=0,0,AC55/H54) | AS55: =AR55-AQ55 | AT55: =SUMIFS([1]инфо!$I$15:$I$28,[1]инфо!$A$15:$A$28,F55) | AU55: =IF(H55=0,0,AD55/H55) | AV55: =AU55-AT55 | AX55: =SUMIFS([1]инфо!$C$15:$C$28,[1]инфо!$A$15:$A$28,F55)*H54
A56: =A54+1 | B56: 0048 | C56: линия 2 | D56: ночь | E56: Султанулы | F56: 8 волн рифленый | G56: 42 | H56: 1620 | I56: =IFERROR(H56*VLOOKUP(F56,[1]инфо!$A$15:$C$28,3,FALSE)/1000,0) | J56: 1250 | K56: 17 | L56: 2 | N56: 4119 | Q56: 12150 | R56: 14710 | S56: =SUM(O56:R56) | Y56: 420 | AC56: 420 | AE56: =SUMIFS([1]инфо!$D$15:$D$28,[1]инфо!$A$15:$A$28,F56) | AF56: =IF(H56=0,0,N56/H56) | AG56: =AF56-AE56 | AH56: =SUMIFS([1]инфо!$E$15:$E$28,[1]инфо!$A$15:$A$28,F56) | AI56: =IF(H56=0,0,S56/H56) | AJ56: =AI56-AH56 | AK56: =SUMIFS([1]инфо!$F$15:$F$28,[1]инфо!$A$15:$A$28,F56) | AL56: =IF(H56=0,0,Y56/H56) | AM56: =AL56-AK56 | AN56: =SUMIFS([1]инфо!$G$15:$G$28,[1]инфо!$A$15:$A$28,F56) | AO56: =IF(H56=0,0,AA56/H56) | AP56: =AO56-AN56 | AQ56: =SUMIFS([1]инфо!$H$15:$H$28,[1]инфо!$A$15:$A$28,F56) | AR56: =IF(H55=0,0,AC56/H55) | AS56: =AR56-AQ56 | AT56: =SUMIFS([1]инфо!$I$15:$I$28,[1]инфо!$A$15:$A$28,F56) | AU56: =IF(H56=0,0,AD56/H56) | AV56: =AU56-AT56 | AX56: =SUMIFS([1]инфо!$C$15:$C$28,[1]инфо!$A$15:$A$28,F56)*H55
A57: =A55+1 | B57: 0049 | C57: линия 2 | D57: день | E57: Монаев | F57: 8 волн рифленый | G57: 39 | H57: 1550 | I57: =IFERROR(H57*VLOOKUP(F57,[1]инфо!$A$15:$C$28,3,FALSE)/1000,0) | J57: 1000 | K57: 13 | L57: 11 | N57: 3833 | Q57: 13447 | R57: 11509 | S57: =SUM(O57:R57) | Y57: 390 | AC57: 390 | AE57: =SUMIFS([1]инфо!$D$15:$D$28,[1]инфо!$A$15:$A$28,F57) | AF57: =IF(H57=0,0,N57/H57) | AG57: =AF57-AE57 | AH57: =SUMIFS([1]инфо!$E$15:$E$28,[1]инфо!$A$15:$A$28,F57) | AI57: =IF(H57=0,0,S57/H57) | AJ57: =AI57-AH57 | AK57: =SUMIFS([1]инфо!$F$15:$F$28,[1]инфо!$A$15:$A$28,F57) | AL57: =IF(H57=0,0,Y57/H57) | AM57: =AL57-AK57 | AN57: =SUMIFS([1]инфо!$G$15:$G$28,[1]инфо!$A$15:$A$28,F57) | AO57: =IF(H57=0,0,AA57/H57) | AP57: =AO57-AN57 | AQ57: =SUMIFS([1]инфо!$H$15:$H$28,[1]инфо!$A$15:$A$28,F57) | AR57: =IF(H56=0,0,AC57/H56) | AS57: =AR57-AQ57 | AT57: =SUMIFS([1]инфо!$I$15:$I$28,[1]инфо!$A$15:$A$28,F57) | AU57: =IF(H57=0,0,AD57/H57) | AV57: =AU57-AT57 | AX57: =SUMIFS([1]инфо!$C$15:$C$28,[1]инфо!$A$15:$A$28,F57)*H56
A58: =A56+1 | B58: 0050 | C58: линия 2 | D58: ночь | E58: Дауылбай | F58: 8 волн рифленый | G58: 48 | H58: 2180 | I58: =IFERROR(H58*VLOOKUP(F58,[1]инфо!$A$15:$C$28,3,FALSE)/1000,0) | J58: 2750 | N58: 4702 | Q58: 16299 | R58: 14724 | S58: =SUM(O58:R58) | Y58: 480 | AC58: 480 | AE58: =SUMIFS([1]инфо!$D$15:$D$28,[1]инфо!$A$15:$A$28,F58) | AF58: =IF(H58=0,0,N58/H58) | AG58: =AF58-AE58 | AH58: =SUMIFS([1]инфо!$E$15:$E$28,[1]инфо!$A$15:$A$28,F58) | AI58: =IF(H58=0,0,S58/H58) | AJ58: =AI58-AH58 | AK58: =SUMIFS([1]инфо!$F$15:$F$28,[1]инфо!$A$15:$A$28,F58) | AL58: =IF(H58=0,0,Y58/H58) | AM58: =AL58-AK58 | AN58: =SUMIFS([1]инфо!$G$15:$G$28,[1]инфо!$A$15:$A$28,F58) | AO58: =IF(H58=0,0,AA58/H58) | AP58: =AO58-AN58 | AQ58: =SUMIFS([1]инфо!$H$15:$H$28,[1]инфо!$A$15:$A$28,F58) | AR58: =IF(H57=0,0,AC58/H57) | AS58: =AR58-AQ58 | AT58: =SUMIFS([1]инфо!$I$15:$I$28,[1]инфо!$A$15:$A$28,F58) | AU58: =IF(H58=0,0,AD58/H58) | AV58: =AU58-AT58 | AX58: =SUMIFS([1]инфо!$C$15:$C$28,[1]инфо!$A$15:$A$28,F58)*H57
A59: =A57+1 | I59: =IFERROR(H59*VLOOKUP(F59,[1]инфо!$A$15:$C$28,3,FALSE)/1000,0) | S59: =SUM(O59:R59) | AE59: =SUMIFS([1]инфо!$D$15:$D$28,[1]инфо!$A$15:$A$28,F59) | AF59: =IF(H59=0,0,N59/H59) | AG59: =AF59-AE59 | AH59: =SUMIFS([1]инфо!$E$15:$E$28,[1]инфо!$A$15:$A$28,F59) | AI59: =IF(H59=0,0,S59/H59) | AJ59: =AI59-AH59 | AK59: =SUMIFS([1]инфо!$F$15:$F$28,[1]инфо!$A$15:$A$28,F59) | AL59: =IF(H59=0,0,Y59/H59) | AM59: =AL59-AK59 | AN59: =SUMIFS([1]инфо!$G$15:$G$28,[1]инфо!$A$15:$A$28,F59) | AO59: =IF(H59=0,0,AA59/H59) | AP59: =AO59-AN59 | AQ59: =SUMIFS([1]инфо!$H$15:$H$28,[1]инфо!$A$15:$A$28,F59) | AR59: =IF(H58=0,0,AC59/H58) | AS59: =AR59-AQ59 | AT59: =SUMIFS([1]инфо!$I$15:$I$28,[1]инфо!$A$15:$A$28,F59) | AU59: =IF(H59=0,0,AD59/H59) | AV59: =AU59-AT59 | AX59: =SUMIFS([1]инфо!$C$15:$C$28,[1]инфо!$A$15:$A$28,F59)*H58
A60: =A58+1 | I60: =IFERROR(H60*VLOOKUP(F60,[1]инфо!$A$15:$C$28,3,FALSE)/1000,0) | S60: =SUM(O60:R60) | AE60: =SUMIFS([1]инфо!$D$15:$D$28,[1]инфо!$A$15:$A$28,F60) | AF60: =IF(H60=0,0,N60/H60) | AG60: =AF60-AE60 | AH60: =SUMIFS([1]инфо!$E$15:$E$28,[1]инфо!$A$15:$A$28,F60) | AI60: =IF(H60=0,0,S60/H60) | AJ60: =AI60-AH60 | AK60: =SUMIFS([1]инфо!$F$15:$F$28,[1]инфо!$A$15:$A$28,F60) | AL60: =IF(H60=0,0,Y60/H60) | AM60: =AL60-AK60 | AN60: =SUMIFS([1]инфо!$G$15:$G$28,[1]инфо!$A$15:$A$28,F60) | AO60: =IF(H60=0,0,AA60/H60) | AP60: =AO60-AN60 | AQ60: =SUMIFS([1]инфо!$H$15:$H$28,[1]инфо!$A$15:$A$28,F60) | AR60: =IF(H59=0,0,AC60/H59) | AS60: =AR60-AQ60 | AT60: =SUMIFS([1]инфо!$I$15:$I$28,[1]инфо!$A$15:$A$28,F60) | AU60: =IF(H60=0,0,AD60/H60) | AV60: =AU60-AT60 | AX60: =SUMIFS([1]инфо!$C$15:$C$28,[1]инфо!$A$15:$A$28,F60)*H59
A61: =A59+1 | I61: =IFERROR(H61*VLOOKUP(F61,[1]инфо!$A$15:$C$28,3,FALSE)/1000,0) | S61: =SUM(O61:R61) | AE61: =SUMIFS([1]инфо!$D$15:$D$28,[1]инфо!$A$15:$A$28,F61) | AF61: =IF(H61=0,0,N61/H61) | AG61: =AF61-AE61 | AH61: =SUMIFS([1]инфо!$E$15:$E$28,[1]инфо!$A$15:$A$28,F61) | AI61: =IF(H61=0,0,S61/H61) | AJ61: =AI61-AH61 | AK61: =SUMIFS([1]инфо!$F$15:$F$28,[1]инфо!$A$15:$A$28,F61) | AL61: =IF(H61=0,0,Y61/H61) | AM61: =AL61-AK61 | AN61: =SUMIFS([1]инфо!$G$15:$G$28,[1]инфо!$A$15:$A$28,F61) | AO61: =IF(H61=0,0,AA61/H61) | AP61: =AO61-AN61 | AQ61: =SUMIFS([1]инфо!$H$15:$H$28,[1]инфо!$A$15:$A$28,F61) | AR61: =IF(H60=0,0,AC61/H60) | AS61: =AR61-AQ61 | AT61: =SUMIFS([1]инфо!$I$15:$I$28,[1]инфо!$A$15:$A$28,F61) | AU61: =IF(H61=0,0,AD61/H61) | AV61: =AU61-AT61 | AX61: =SUMIFS([1]инфо!$C$15:$C$28,[1]инфо!$A$15:$A$28,F61)*H60
A62: =A60+1 | I62: =IFERROR(H62*VLOOKUP(F62,[1]инфо!$A$15:$C$28,3,FALSE)/1000,0) | AE62: =SUMIFS([1]инфо!$D$15:$D$28,[1]инфо!$A$15:$A$28,F62) | AF62: =IF(H62=0,0,N62/H62) | AG62: =AF62-AE62 | AH62: =SUMIFS([1]инфо!$E$15:$E$28,[1]инфо!$A$15:$A$28,F62) | AI62: =IF(H62=0,0,S62/H62) | AJ62: =AI62-AH62 | AK62: =SUMIFS([1]инфо!$F$15:$F$28,[1]инфо!$A$15:$A$28,F62) | AL62: =IF(H62=0,0,Y62/H62) | AM62: =AL62-AK62 | AN62: =SUMIFS([1]инфо!$G$15:$G$28,[1]инфо!$A$15:$A$28,F62) | AO62: =IF(H62=0,0,AA62/H62) | AP62: =AO62-AN62 | AQ62: =SUMIFS([1]инфо!$H$15:$H$28,[1]инфо!$A$15:$A$28,F62) | AR62: =IF(H61=0,0,AC62/H61) | AS62: =AR62-AQ62 | AT62: =SUMIFS([1]инфо!$I$15:$I$28,[1]инфо!$A$15:$A$28,F62) | AU62: =IF(H62=0,0,AD62/H62) | AV62: =AU62-AT62 | AX62: =SUMIFS([1]инфо!$C$15:$C$28,[1]инфо!$A$15:$A$28,F62)*H61
A63: =A61+1 | I63: =IFERROR(H63*VLOOKUP(F63,[1]инфо!$A$15:$C$28,3,FALSE)/1000,0) | AE63: =SUMIFS([1]инфо!$D$15:$D$28,[1]инфо!$A$15:$A$28,F63) | AF63: =IF(H63=0,0,N63/H63) | AG63: =AF63-AE63 | AH63: =SUMIFS([1]инфо!$E$15:$E$28,[1]инфо!$A$15:$A$28,F63) | AI63: =IF(H63=0,0,S63/H63) | AJ63: =AI63-AH63 | AK63: =SUMIFS([1]инфо!$F$15:$F$28,[1]инфо!$A$15:$A$28,F63) | AL63: =IF(H63=0,0,Y63/H63) | AM63: =AL63-AK63 | AN63: =SUMIFS([1]инфо!$G$15:$G$28,[1]инфо!$A$15:$A$28,F63) | AO63: =IF(H63=0,0,AA63/H63) | AP63: =AO63-AN63 | AQ63: =SUMIFS([1]инфо!$H$15:$H$28,[1]инфо!$A$15:$A$28,F63) | AR63: =IF(H62=0,0,AC63/H62) | AS63: =AR63-AQ63 | AT63: =SUMIFS([1]инфо!$I$15:$I$28,[1]инфо!$A$15:$A$28,F63) | AU63: =IF(H63=0,0,AD63/H63) | AV63: =AU63-AT63 | AX63: =SUMIFS([1]инфо!$C$15:$C$28,[1]инфо!$A$15:$A$28,F63)*H62
A64: =A62+1 | I64: =IFERROR(H64*VLOOKUP(F64,[1]инфо!$A$15:$C$28,3,FALSE)/1000,0) | J64: 569 | AE64: =SUMIFS([1]инфо!$D$15:$D$28,[1]инфо!$A$15:$A$28,F64) | AF64: =IF(H64=0,0,N64/H64) | AG64: =AF64-AE64 | AH64: =SUMIFS([1]инфо!$E$15:$E$28,[1]инфо!$A$15:$A$28,F64) | AI64: =IF(H64=0,0,S64/H64) | AJ64: =AI64-AH64 | AK64: =SUMIFS([1]инфо!$F$15:$F$28,[1]инфо!$A$15:$A$28,F64) | AL64: =IF(H64=0,0,Y64/H64) | AM64: =AL64-AK64 | AN64: =SUMIFS([1]инфо!$G$15:$G$28,[1]инфо!$A$15:$A$28,F64) | AO64: =IF(H64=0,0,AA64/H64) | AP64: =AO64-AN64 | AQ64: =SUMIFS([1]инфо!$H$15:$H$28,[1]инфо!$A$15:$A$28,F64) | AR64: =IF(H63=0,0,AC64/H63) | AS64: =AR64-AQ64 | AT64: =SUMIFS([1]инфо!$I$15:$I$28,[1]инфо!$A$15:$A$28,F64) | AU64: =IF(H64=0,0,AD64/H64) | AV64: =AU64-AT64 | AX64: =SUMIFS([1]инфо!$C$15:$C$28,[1]инфо!$A$15:$A$28,F64)*H63
A65: =A63+1 | I65: =IFERROR(H65*VLOOKUP(F65,[1]инфо!$A$15:$C$28,3,FALSE)/1000,0) | AE65: =SUMIFS([1]инфо!$D$15:$D$28,[1]инфо!$A$15:$A$28,F65) | AF65: =IF(H65=0,0,N65/H65) | AG65: =AF65-AE65 | AH65: =SUMIFS([1]инфо!$E$15:$E$28,[1]инфо!$A$15:$A$28,F65) | AI65: =IF(H65=0,0,S65/H65) | AJ65: =AI65-AH65 | AK65: =SUMIFS([1]инфо!$F$15:$F$28,[1]инфо!$A$15:$A$28,F65) | AL65: =IF(H65=0,0,Y65/H65) | AM65: =AL65-AK65 | AN65: =SUMIFS([1]инфо!$G$15:$G$28,[1]инфо!$A$15:$A$28,F65) | AO65: =IF(H65=0,0,AA65/H65) | AP65: =AO65-AN65 | AQ65: =SUMIFS([1]инфо!$H$15:$H$28,[1]инфо!$A$15:$A$28,F65) | AR65: =IF(H64=0,0,AC65/H64) | AS65: =AR65-AQ65 | AT65: =SUMIFS([1]инфо!$I$15:$I$28,[1]инфо!$A$15:$A$28,F65) | AU65: =IF(H65=0,0,AD65/H65) | AV65: =AU65-AT65 | AX65: =SUMIFS([1]инфо!$C$15:$C$28,[1]инфо!$A$15:$A$28,F65)*H64
A66: =A64+1 | I66: =IFERROR(H66*VLOOKUP(F66,[1]инфо!$A$15:$C$28,3,FALSE)/1000,0) | S66: =SUM(O66:R66) | AE66: =SUMIFS([1]инфо!$D$15:$D$28,[1]инфо!$A$15:$A$28,F66) | AF66: =IF(H66=0,0,N66/H66) | AG66: =AF66-AE66 | AH66: =SUMIFS([1]инфо!$E$15:$E$28,[1]инфо!$A$15:$A$28,F66) | AI66: =IF(H66=0,0,S66/H66) | AJ66: =AI66-AH66 | AK66: =SUMIFS([1]инфо!$F$15:$F$28,[1]инфо!$A$15:$A$28,F66) | AL66: =IF(H66=0,0,Y66/H66) | AM66: =AL66-AK66 | AN66: =SUMIFS([1]инфо!$G$15:$G$28,[1]инфо!$A$15:$A$28,F66) | AO66: =IF(H66=0,0,AA66/H66) | AP66: =AO66-AN66 | AQ66: =SUMIFS([1]инфо!$H$15:$H$28,[1]инфо!$A$15:$A$28,F66) | AR66: =IF(H65=0,0,AC66/H65) | AS66: =AR66-AQ66 | AT66: =SUMIFS([1]инфо!$I$15:$I$28,[1]инфо!$A$15:$A$28,F66) | AU66: =IF(H66=0,0,AD66/H66) | AV66: =AU66-AT66 | AX66: =SUMIFS([1]инфо!$C$15:$C$28,[1]инфо!$A$15:$A$28,F66)*H65
A67: =A65+1 | I67: =IFERROR(H67*VLOOKUP(F67,[1]инфо!$A$15:$C$28,3,FALSE)/1000,0) | S67: =SUM(O67:R67) | AE67: =SUMIFS([1]инфо!$D$15:$D$28,[1]инфо!$A$15:$A$28,F67) | AF67: =IF(H67=0,0,N67/H67) | AG67: =AF67-AE67 | AH67: =SUMIFS([1]инфо!$E$15:$E$28,[1]инфо!$A$15:$A$28,F67) | AI67: =IF(H67=0,0,S67/H67) | AJ67: =AI67-AH67 | AK67: =SUMIFS([1]инфо!$F$15:$F$28,[1]инфо!$A$15:$A$28,F67) | AL67: =IF(H67=0,0,Y67/H67) | AM67: =AL67-AK67 | AN67: =SUMIFS([1]инфо!$G$15:$G$28,[1]инфо!$A$15:$A$28,F67) | AO67: =IF(H67=0,0,AA67/H67) | AP67: =AO67-AN67 | AQ67: =SUMIFS([1]инфо!$H$15:$H$28,[1]инфо!$A$15:$A$28,F67) | AR67: =IF(H66=0,0,AC67/H66) | AS67: =AR67-AQ67 | AT67: =SUMIFS([1]инфо!$I$15:$I$28,[1]инфо!$A$15:$A$28,F67) | AU67: =IF(H67=0,0,AD67/H67) | AV67: =AU67-AT67 | AX67: =SUMIFS([1]инфо!$C$15:$C$28,[1]инфо!$A$15:$A$28,F67)*H66
A68: =A66+1 | I68: =IFERROR(H68*VLOOKUP(F68,[1]инфо!$A$15:$C$28,3,FALSE)/1000,0) | S68: =SUM(O68:R68) | AE68: =SUMIFS([1]инфо!$D$15:$D$28,[1]инфо!$A$15:$A$28,F68) | AF68: =IF(H68=0,0,N68/H68) | AG68: =AF68-AE68 | AH68: =SUMIFS([1]инфо!$E$15:$E$28,[1]инфо!$A$15:$A$28,F68) | AI68: =IF(H68=0,0,S68/H68) | AJ68: =AI68-AH68 | AK68: =SUMIFS([1]инфо!$F$15:$F$28,[1]инфо!$A$15:$A$28,F68) | AL68: =IF(H68=0,0,Y68/H68) | AM68: =AL68-AK68 | AN68: =SUMIFS([1]инфо!$G$15:$G$28,[1]инфо!$A$15:$A$28,F68) | AO68: =IF(H68=0,0,AA68/H68) | AP68: =AO68-AN68 | AQ68: =SUMIFS([1]инфо!$H$15:$H$28,[1]инфо!$A$15:$A$28,F68) | AR68: =IF(H67=0,0,AC68/H67) | AS68: =AR68-AQ68 | AT68: =SUMIFS([1]инфо!$I$15:$I$28,[1]инфо!$A$15:$A$28,F68) | AU68: =IF(H68=0,0,AD68/H68) | AV68: =AU68-AT68 | AX68: =SUMIFS([1]инфо!$C$15:$C$28,[1]инфо!$A$15:$A$28,F68)*H67
A69: =A67+1 | I69: =IFERROR(H69*VLOOKUP(F69,[1]инфо!$A$15:$C$28,3,FALSE)/1000,0) | S69: =SUM(O69:R69) | AE69: =SUMIFS([1]инфо!$D$15:$D$28,[1]инфо!$A$15:$A$28,F69) | AF69: =IF(H69=0,0,N69/H69) | AG69: =AF69-AE69 | AH69: =SUMIFS([1]инфо!$E$15:$E$28,[1]инфо!$A$15:$A$28,F69) | AI69: =IF(H69=0,0,S69/H69) | AJ69: =AI69-AH69 | AK69: =SUMIFS([1]инфо!$F$15:$F$28,[1]инфо!$A$15:$A$28,F69) | AL69: =IF(H69=0,0,Y69/H69) | AM69: =AL69-AK69 | AN69: =SUMIFS([1]инфо!$G$15:$G$28,[1]инфо!$A$15:$A$28,F69) | AO69: =IF(H69=0,0,AA69/H69) | AP69: =AO69-AN69 | AQ69: =SUMIFS([1]инфо!$H$15:$H$28,[1]инфо!$A$15:$A$28,F69) | AR69: =IF(H68=0,0,AC69/H68) | AS69: =AR69-AQ69 | AT69: =SUMIFS([1]инфо!$I$15:$I$28,[1]инфо!$A$15:$A$28,F69) | AU69: =IF(H69=0,0,AD69/H69) | AV69: =AU69-AT69 | AX69: =SUMIFS([1]инфо!$C$15:$C$28,[1]инфо!$A$15:$A$28,F69)*H68
A70: =A68+1 | I70: =IFERROR(H70*VLOOKUP(F70,[1]инфо!$A$15:$C$28,3,FALSE)/1000,0) | S70: =SUM(O70:R70) | AE70: =SUMIFS([1]инфо!$D$15:$D$28,[1]инфо!$A$15:$A$28,F70) | AF70: =IF(H70=0,0,N70/H70) | AG70: =AF70-AE70 | AH70: =SUMIFS([1]инфо!$E$15:$E$28,[1]инфо!$A$15:$A$28,F70) | AI70: =IF(H70=0,0,S70/H70) | AJ70: =AI70-AH70 | AK70: =SUMIFS([1]инфо!$F$15:$F$28,[1]инфо!$A$15:$A$28,F70) | AL70: =IF(H70=0,0,Y70/H70) | AM70: =AL70-AK70 | AN70: =SUMIFS([1]инфо!$G$15:$G$28,[1]инфо!$A$15:$A$28,F70) | AO70: =IF(H70=0,0,AA70/H70) | AP70: =AO70-AN70 | AQ70: =SUMIFS([1]инфо!$H$15:$H$28,[1]инфо!$A$15:$A$28,F70) | AR70: =IF(H69=0,0,AC70/H69) | AS70: =AR70-AQ70 | AT70: =SUMIFS([1]инфо!$I$15:$I$28,[1]инфо!$A$15:$A$28,F70) | AU70: =IF(H70=0,0,AD70/H70) | AV70: =AU70-AT70 | AX70: =SUMIFS([1]инфо!$C$15:$C$28,[1]инфо!$A$15:$A$28,F70)*H69
A71: =A69+1 | I71: =IFERROR(H71*VLOOKUP(F71,[1]инфо!$A$15:$C$28,3,FALSE)/1000,0) | S71: =SUM(O71:R71) | AE71: =SUMIFS([1]инфо!$D$15:$D$28,[1]инфо!$A$15:$A$28,F71) | AF71: =IF(H71=0,0,N71/H71) | AG71: =AF71-AE71 | AH71: =SUMIFS([1]инфо!$E$15:$E$28,[1]инфо!$A$15:$A$28,F71) | AI71: =IF(H71=0,0,S71/H71) | AJ71: =AI71-AH71 | AK71: =SUMIFS([1]инфо!$F$15:$F$28,[1]инфо!$A$15:$A$28,F71) | AL71: =IF(H71=0,0,Y71/H71) | AM71: =AL71-AK71 | AN71: =SUMIFS([1]инфо!$G$15:$G$28,[1]инфо!$A$15:$A$28,F71) | AO71: =IF(H71=0,0,AA71/H71) | AP71: =AO71-AN71 | AQ71: =SUMIFS([1]инфо!$H$15:$H$28,[1]инфо!$A$15:$A$28,F71) | AR71: =IF(H70=0,0,AC71/H70) | AS71: =AR71-AQ71 | AT71: =SUMIFS([1]инфо!$I$15:$I$28,[1]инфо!$A$15:$A$28,F71) | AU71: =IF(H71=0,0,AD71/H71) | AV71: =AU71-AT71 | AX71: =SUMIFS([1]инфо!$C$15:$C$28,[1]инфо!$A$15:$A$28,F71)*H70
A72: =A70+1 | I72: =IFERROR(H72*VLOOKUP(F72,[1]инфо!$A$15:$C$28,3,FALSE)/1000,0) | S72: =SUM(O72:R72) | AE72: =SUMIFS([1]инфо!$D$15:$D$28,[1]инфо!$A$15:$A$28,F72) | AF72: =IF(H72=0,0,N72/H72) | AG72: =AF72-AE72 | AH72: =SUMIFS([1]инфо!$E$15:$E$28,[1]инфо!$A$15:$A$28,F72) | AI72: =IF(H72=0,0,S72/H72) | AJ72: =AI72-AH72 | AK72: =SUMIFS([1]инфо!$F$15:$F$28,[1]инфо!$A$15:$A$28,F72) | AL72: =IF(H72=0,0,Y72/H72) | AM72: =AL72-AK72 | AN72: =SUMIFS([1]инфо!$G$15:$G$28,[1]инфо!$A$15:$A$28,F72) | AO72: =IF(H72=0,0,AA72/H72) | AP72: =AO72-AN72 | AQ72: =SUMIFS([1]инфо!$H$15:$H$28,[1]инфо!$A$15:$A$28,F72) | AR72: =IF(H71=0,0,AC72/H71) | AS72: =AR72-AQ72 | AT72: =SUMIFS([1]инфо!$I$15:$I$28,[1]инфо!$A$15:$A$28,F72) | AU72: =IF(H72=0,0,AD72/H72) | AV72: =AU72-AT72 | AX72: =SUMIFS([1]инфо!$C$15:$C$28,[1]инфо!$A$15:$A$28,F72)*H71
A73: =A71+1 | I73: =IFERROR(H73*VLOOKUP(F73,[1]инфо!$A$15:$C$28,3,FALSE)/1000,0) | S73: =SUM(O73:R73) | AE73: =SUMIFS([1]инфо!$D$15:$D$28,[1]инфо!$A$15:$A$28,F73) | AF73: =IF(H73=0,0,N73/H73) | AG73: =AF73-AE73 | AH73: =SUMIFS([1]инфо!$E$15:$E$28,[1]инфо!$A$15:$A$28,F73) | AI73: =IF(H73=0,0,S73/H73) | AJ73: =AI73-AH73 | AK73: =SUMIFS([1]инфо!$F$15:$F$28,[1]инфо!$A$15:$A$28,F73) | AL73: =IF(H73=0,0,Y73/H73) | AM73: =AL73-AK73 | AN73: =SUMIFS([1]инфо!$G$15:$G$28,[1]инфо!$A$15:$A$28,F73) | AO73: =IF(H73=0,0,AA73/H73) | AP73: =AO73-AN73 | AQ73: =SUMIFS([1]инфо!$H$15:$H$28,[1]инфо!$A$15:$A$28,F73) | AR73: =IF(H72=0,0,AC73/H72) | AS73: =AR73-AQ73 | AT73: =SUMIFS([1]инфо!$I$15:$I$28,[1]инфо!$A$15:$A$28,F73) | AU73: =IF(H73=0,0,AD73/H73) | AV73: =AU73-AT73 | AX73: =SUMIFS([1]инфо!$C$15:$C$28,[1]инфо!$A$15:$A$28,F73)*H72
A74: =A72+1 | I74: =IFERROR(H74*VLOOKUP(F74,[1]инфо!$A$15:$C$28,3,FALSE)/1000,0) | S74: =SUM(O74:R74) | AE74: =SUMIFS([1]инфо!$D$15:$D$28,[1]инфо!$A$15:$A$28,F74) | AF74: =IF(H74=0,0,N74/H74) | AG74: =AF74-AE74 | AH74: =SUMIFS([1]инфо!$E$15:$E$28,[1]инфо!$A$15:$A$28,F74) | AI74: =IF(H74=0,0,S74/H74) | AJ74: =AI74-AH74 | AK74: =SUMIFS([1]инфо!$F$15:$F$28,[1]инфо!$A$15:$A$28,F74) | AL74: =IF(H74=0,0,Y74/H74) | AM74: =AL74-AK74 | AN74: =SUMIFS([1]инфо!$G$15:$G$28,[1]инфо!$A$15:$A$28,F74) | AO74: =IF(H74=0,0,AA74/H74) | AP74: =AO74-AN74 | AQ74: =SUMIFS([1]инфо!$H$15:$H$28,[1]инфо!$A$15:$A$28,F74) | AR74: =IF(H73=0,0,AC74/H73) | AS74: =AR74-AQ74 | AT74: =SUMIFS([1]инфо!$I$15:$I$28,[1]инфо!$A$15:$A$28,F74) | AU74: =IF(H74=0,0,AD74/H74) | AV74: =AU74-AT74 | AX74: =SUMIFS([1]инфо!$C$15:$C$28,[1]инфо!$A$15:$A$28,F74)*H73
A75: =A73+1 | I75: =IFERROR(H75*VLOOKUP(F75,[1]инфо!$A$15:$C$28,3,FALSE)/1000,0) | S75: =SUM(O75:R75) | AE75: =SUMIFS([1]инфо!$D$15:$D$28,[1]инфо!$A$15:$A$28,F75) | AF75: =IF(H75=0,0,N75/H75) | AG75: =AF75-AE75 | AH75: =SUMIFS([1]инфо!$E$15:$E$28,[1]инфо!$A$15:$A$28,F75) | AI75: =IF(H75=0,0,S75/H75) | AJ75: =AI75-AH75 | AK75: =SUMIFS([1]инфо!$F$15:$F$28,[1]инфо!$A$15:$A$28,F75) | AL75: =IF(H75=0,0,Y75/H75) | AM75: =AL75-AK75 | AN75: =SUMIFS([1]инфо!$G$15:$G$28,[1]инфо!$A$15:$A$28,F75) | AO75: =IF(H75=0,0,AA75/H75) | AP75: =AO75-AN75 | AQ75: =SUMIFS([1]инфо!$H$15:$H$28,[1]инфо!$A$15:$A$28,F75) | AR75: =IF(H74=0,0,AC75/H74) | AS75: =AR75-AQ75 | AT75: =SUMIFS([1]инфо!$I$15:$I$28,[1]инфо!$A$15:$A$28,F75) | AU75: =IF(H75=0,0,AD75/H75) | AV75: =AU75-AT75 | AX75: =SUMIFS([1]инфо!$C$15:$C$28,[1]инфо!$A$15:$A$28,F75)*H74
A76: =A74+1 | I76: =IFERROR(H76*VLOOKUP(F76,[1]инфо!$A$15:$C$28,3,FALSE)/1000,0) | S76: =SUM(O76:R76) | AE76: =SUMIFS([1]инфо!$D$15:$D$28,[1]инфо!$A$15:$A$28,F76) | AF76: =IF(H76=0,0,N76/H76) | AG76: =AF76-AE76 | AH76: =SUMIFS([1]инфо!$E$15:$E$28,[1]инфо!$A$15:$A$28,F76) | AI76: =IF(H76=0,0,S76/H76) | AJ76: =AI76-AH76 | AK76: =SUMIFS([1]инфо!$F$15:$F$28,[1]инфо!$A$15:$A$28,F76) | AL76: =IF(H76=0,0,Y76/H76) | AM76: =AL76-AK76 | AN76: =SUMIFS([1]инфо!$G$15:$G$28,[1]инфо!$A$15:$A$28,F76) | AO76: =IF(H76=0,0,AA76/H76) | AP76: =AO76-AN76 | AQ76: =SUMIFS([1]инфо!$H$15:$H$28,[1]инфо!$A$15:$A$28,F76) | AR76: =IF(H75=0,0,AC76/H75) | AS76: =AR76-AQ76 | AT76: =SUMIFS([1]инфо!$I$15:$I$28,[1]инфо!$A$15:$A$28,F76) | AU76: =IF(H76=0,0,AD76/H76) | AV76: =AU76-AT76 | AX76: =SUMIFS([1]инфо!$C$15:$C$28,[1]инфо!$A$15:$A$28,F76)*H75
A77: =A75+1 | I77: =IFERROR(H77*VLOOKUP(F77,[1]инфо!$A$15:$C$28,3,FALSE)/1000,0) | S77: =SUM(O77:R77) | AE77: =SUMIFS([1]инфо!$D$15:$D$28,[1]инфо!$A$15:$A$28,F77) | AF77: =IF(H77=0,0,N77/H77) | AG77: =AF77-AE77 | AH77: =SUMIFS([1]инфо!$E$15:$E$28,[1]инфо!$A$15:$A$28,F77) | AI77: =IF(H77=0,0,S77/H77) | AJ77: =AI77-AH77 | AK77: =SUMIFS([1]инфо!$F$15:$F$28,[1]инфо!$A$15:$A$28,F77) | AL77: =IF(H77=0,0,Y77/H77) | AM77: =AL77-AK77 | AN77: =SUMIFS([1]инфо!$G$15:$G$28,[1]инфо!$A$15:$A$28,F77) | AO77: =IF(H77=0,0,AA77/H77) | AP77: =AO77-AN77 | AQ77: =SUMIFS([1]инфо!$H$15:$H$28,[1]инфо!$A$15:$A$28,F77) | AR77: =IF(H76=0,0,AC77/H76) | AS77: =AR77-AQ77 | AT77: =SUMIFS([1]инфо!$I$15:$I$28,[1]инфо!$A$15:$A$28,F77) | AU77: =IF(H77=0,0,AD77/H77) | AV77: =AU77-AT77 | AX77: =SUMIFS([1]инфо!$C$15:$C$28,[1]инфо!$A$15:$A$28,F77)*H76
A78: =A76+1 | I78: =IFERROR(H78*VLOOKUP(F78,[1]инфо!$A$15:$C$28,3,FALSE)/1000,0) | S78: =SUM(O78:R78) | AE78: =SUMIFS([1]инфо!$D$15:$D$28,[1]инфо!$A$15:$A$28,F78) | AF78: =IF(H78=0,0,N78/H78) | AG78: =AF78-AE78 | AH78: =SUMIFS([1]инфо!$E$15:$E$28,[1]инфо!$A$15:$A$28,F78) | AI78: =IF(H78=0,0,S78/H78) | AJ78: =AI78-AH78 | AK78: =SUMIFS([1]инфо!$F$15:$F$28,[1]инфо!$A$15:$A$28,F78) | AL78: =IF(H78=0,0,Y78/H78) | AM78: =AL78-AK78 | AN78: =SUMIFS([1]инфо!$G$15:$G$28,[1]инфо!$A$15:$A$28,F78) | AO78: =IF(H78=0,0,AA78/H78) | AP78: =AO78-AN78 | AQ78: =SUMIFS([1]инфо!$H$15:$H$28,[1]инфо!$A$15:$A$28,F78) | AR78: =IF(H77=0,0,AC78/H77) | AS78: =AR78-AQ78 | AT78: =SUMIFS([1]инфо!$I$15:$I$28,[1]инфо!$A$15:$A$28,F78) | AU78: =IF(H78=0,0,AD78/H78) | AV78: =AU78-AT78 | AX78: =SUMIFS([1]инфо!$C$15:$C$28,[1]инфо!$A$15:$A$28,F78)*H77
A79: =A77+1 | B79: 0051 | C79: линия 2 | D79: день | E79: Дауылбай | F79: 8 волн рифленый | G79: 48 | H79: 1910 | I79: =IFERROR(H79*VLOOKUP(F79,[1]инфо!$A$15:$C$28,3,FALSE)/1000,0) | J79: 750 | K79: 25 | L79: 3 | N79: 4869 | Q79: 15981 | R79: 14725 | S79: =SUM(O79:R79) | Y79: 209 | AC79: 140 | AE79: =SUMIFS([1]инфо!$D$15:$D$28,[1]инфо!$A$15:$A$28,F79) | AF79: =IF(H79=0,0,N79/H79) | AG79: =AF79-AE79 | AH79: =SUMIFS([1]инфо!$E$15:$E$28,[1]инфо!$A$15:$A$28,F79) | AI79: =IF(H79=0,0,S79/H79) | AJ79: =AI79-AH79 | AK79: =SUMIFS([1]инфо!$F$15:$F$28,[1]инфо!$A$15:$A$28,F79) | AL79: =IF(H79=0,0,Y79/H79) | AM79: =AL79-AK79 | AN79: =SUMIFS([1]инфо!$G$15:$G$28,[1]инфо!$A$15:$A$28,F79) | AO79: =IF(H79=0,0,AA79/H79) | AP79: =AO79-AN79 | AQ79: =SUMIFS([1]инфо!$H$15:$H$28,[1]инфо!$A$15:$A$28,F79) | AR79: =IF(H78=0,0,AC79/H78) | AS79: =AR79-AQ79 | AT79: =SUMIFS([1]инфо!$I$15:$I$28,[1]инфо!$A$15:$A$28,F79) | AU79: =IF(H79=0,0,AD79/H79) | AV79: =AU79-AT79 | AX79: =SUMIFS([1]инфо!$C$15:$C$28,[1]инфо!$A$15:$A$28,F79)*H78
A80: =A78+1 | B80: 0052 | C80: линия 2 | D80: ночь | E80: Султанулы | F80: 8 волн рифленый | G80: 57 | H80: 2440 | I80: =IFERROR(H80*VLOOKUP(F80,[1]инфо!$A$15:$C$28,3,FALSE)/1000,0) | J80: 2500 | K80: 5 | L80: 3 | N80: 5865 | Q80: 21750 | R80: 14722 | S80: =SUM(O80:R80) | Y80: 490 | AC80: 550 | AE80: =SUMIFS([1]инфо!$D$15:$D$28,[1]инфо!$A$15:$A$28,F80) | AF80: =IF(H80=0,0,N80/H80) | AG80: =AF80-AE80 | AH80: =SUMIFS([1]инфо!$E$15:$E$28,[1]инфо!$A$15:$A$28,F80) | AI80: =IF(H80=0,0,S80/H80) | AJ80: =AI80-AH80 | AK80: =SUMIFS([1]инфо!$F$15:$F$28,[1]инфо!$A$15:$A$28,F80) | AL80: =IF(H80=0,0,Y80/H80) | AM80: =AL80-AK80 | AN80: =SUMIFS([1]инфо!$G$15:$G$28,[1]инфо!$A$15:$A$28,F80) | AO80: =IF(H80=0,0,AA80/H80) | AP80: =AO80-AN80 | AQ80: =SUMIFS([1]инфо!$H$15:$H$28,[1]инфо!$A$15:$A$28,F80) | AR80: =IF(H79=0,0,AC80/H79) | AS80: =AR80-AQ80 | AT80: =SUMIFS([1]инфо!$I$15:$I$28,[1]инфо!$A$15:$A$28,F80) | AU80: =IF(H80=0,0,AD80/H80) | AV80: =AU80-AT80 | AX80: =SUMIFS([1]инфо!$C$15:$C$28,[1]инфо!$A$15:$A$28,F80)*H79
A81: =A79+1 | B81: 0053 | C81: линия 2 | D81: день | E81: Монаев | F81: 8 волн рифленый | G81: 29 | H81: 1240 | I81: =IFERROR(H81*VLOOKUP(F81,[1]инфо!$A$15:$C$28,3,FALSE)/1000,0) | J81: 1000 | K81: 35 | L81: 2 | N81: 2919 | Q81: 10227 | R81: 8312 | S81: =SUM(O81:R81) | Y81: 290 | AC81: 290 | AD81: 120 | AE81: =SUMIFS([1]инфо!$D$15:$D$28,[1]инфо!$A$15:$A$28,F81) | AF81: =IF(H81=0,0,N81/H81) | AG81: =AF81-AE81 | AH81: =SUMIFS([1]инфо!$E$15:$E$28,[1]инфо!$A$15:$A$28,F81) | AI81: =IF(H81=0,0,S81/H81) | AJ81: =AI81-AH81 | AK81: =SUMIFS([1]инфо!$F$15:$F$28,[1]инфо!$A$15:$A$28,F81) | AL81: =IF(H81=0,0,Y81/H81) | AM81: =AL81-AK81 | AN81: =SUMIFS([1]инфо!$G$15:$G$28,[1]инфо!$A$15:$A$28,F81) | AO81: =IF(H81=0,0,AA81/H81) | AP81: =AO81-AN81 | AQ81: =SUMIFS([1]инфо!$H$15:$H$28,[1]инфо!$A$15:$A$28,F81) | AR81: =IF(H80=0,0,AC81/H80) | AS81: =AR81-AQ81 | AT81: =SUMIFS([1]инфо!$I$15:$I$28,[1]инфо!$A$15:$A$28,F81) | AU81: =IF(H81=0,0,AD81/H81) | AV81: =AU81-AT81 | AX81: =SUMIFS([1]инфо!$C$15:$C$28,[1]инфо!$A$15:$A$28,F81)*H80
A82: =A80+1 | B82: 0054 | C82: линия 2 | D82: ночь | E82: Дауылбай | F82: 8 волн рифленый | G82: 55 | H82: 2600 | I82: =IFERROR(H82*VLOOKUP(F82,[1]инфо!$A$15:$C$28,3,FALSE)/1000,0) | J82: 2250 | K82: 143 | L82: 4 | N82: 5511 | Q82: 17905 | R82: 17284 | S82: =SUM(O82:R82) | Y82: 550 | AA82: 55 | AC82: 550 | AD82: 275 | AE82: =SUMIFS([1]инфо!$D$15:$D$28,[1]инфо!$A$15:$A$28,F82) | AF82: =IF(H82=0,0,N82/H82) | AG82: =AF82-AE82 | AH82: =SUMIFS([1]инфо!$E$15:$E$28,[1]инфо!$A$15:$A$28,F82) | AI82: =IF(H82=0,0,S82/H82) | AJ82: =AI82-AH82 | AK82: =SUMIFS([1]инфо!$F$15:$F$28,[1]инфо!$A$15:$A$28,F82) | AL82: =IF(H82=0,0,Y82/H82) | AM82: =AL82-AK82 | AN82: =SUMIFS([1]инфо!$G$15:$G$28,[1]инфо!$A$15:$A$28,F82) | AO82: =IF(H82=0,0,AA82/H82) | AP82: =AO82-AN82 | AQ82: =SUMIFS([1]инфо!$H$15:$H$28,[1]инфо!$A$15:$A$28,F82) | AR82: =IF(H81=0,0,AC82/H81) | AS82: =AR82-AQ82 | AT82: =SUMIFS([1]инфо!$I$15:$I$28,[1]инфо!$A$15:$A$28,F82) | AU82: =IF(H82=0,0,AD82/H82) | AV82: =AU82-AT82 | AX82: =SUMIFS([1]инфо!$C$15:$C$28,[1]инфо!$A$15:$A$28,F82)*H81
A83: =A81+1 | B83: 0055 | C83: линия 2 | D83: день | E83: Бекбосынов | F83: 8 волн рифленый | G83: 45 | H83: 2010 | I83: =IFERROR(H83*VLOOKUP(F83,[1]инфо!$A$15:$C$28,3,FALSE)/1000,0) | J83: 2000 | K83: 84 | L83: 2 | N83: 4603 | Q83: 15211 | R83: 13439 | S83: =SUM(O83:R83) | Y83: 450 | AA83: 45 | AC83: 450 | AD83: 220 | AE83: =SUMIFS([1]инфо!$D$15:$D$28,[1]инфо!$A$15:$A$28,F83) | AF83: =IF(H83=0,0,N83/H83) | AG83: =AF83-AE83 | AH83: =SUMIFS([1]инфо!$E$15:$E$28,[1]инфо!$A$15:$A$28,F83) | AI83: =IF(H83=0,0,S83/H83) | AJ83: =AI83-AH83 | AK83: =SUMIFS([1]инфо!$F$15:$F$28,[1]инфо!$A$15:$A$28,F83) | AL83: =IF(H83=0,0,Y83/H83) | AM83: =AL83-AK83 | AN83: =SUMIFS([1]инфо!$G$15:$G$28,[1]инфо!$A$15:$A$28,F83) | AO83: =IF(H83=0,0,AA83/H83) | AP83: =AO83-AN83 | AQ83: =SUMIFS([1]инфо!$H$15:$H$28,[1]инфо!$A$15:$A$28,F83) | AR83: =IF(H82=0,0,AC83/H82) | AS83: =AR83-AQ83 | AT83: =SUMIFS([1]инфо!$I$15:$I$28,[1]инфо!$A$15:$A$28,F83) | AU83: =IF(H83=0,0,AD83/H83) | AV83: =AU83-AT83 | AX83: =SUMIFS([1]инфо!$C$15:$C$28,[1]инфо!$A$15:$A$28,F83)*H82
A84: =A82+1 | B84: 0056 | C84: линия 2 | D84: ночь | E84: Монаев | F84: 8 волн рифленый | G84: 51 | H84: 2240 | I84: =IFERROR(H84*VLOOKUP(F84,[1]инфо!$A$15:$C$28,3,FALSE)/1000,0) | J84: 2250 | K84: 117 | L84: 4 | N84: 5088 | Q84: 16086 | R84: 16636 | S84: =SUM(O84:R84) | Y84: 510 | AA84: 51 | AC84: 510 | AD84: 255 | AE84: =SUMIFS([1]инфо!$D$15:$D$28,[1]инфо!$A$15:$A$28,F84) | AF84: =IF(H84=0,0,N84/H84) | AG84: =AF84-AE84 | AH84: =SUMIFS([1]инфо!$E$15:$E$28,[1]инфо!$A$15:$A$28,F84) | AI84: =IF(H84=0,0,S84/H84) | AJ84: =AI84-AH84 | AK84: =SUMIFS([1]инфо!$F$15:$F$28,[1]инфо!$A$15:$A$28,F84) | AL84: =IF(H84=0,0,Y84/H84) | AM84: =AL84-AK84 | AN84: =SUMIFS([1]инфо!$G$15:$G$28,[1]инфо!$A$15:$A$28,F84) | AO84: =IF(H84=0,0,AA84/H84) | AP84: =AO84-AN84 | AQ84: =SUMIFS([1]инфо!$H$15:$H$28,[1]инфо!$A$15:$A$28,F84) | AR84: =IF(H83=0,0,AC84/H83) | AS84: =AR84-AQ84 | AT84: =SUMIFS([1]инфо!$I$15:$I$28,[1]инфо!$A$15:$A$28,F84) | AU84: =IF(H84=0,0,AD84/H84) | AV84: =AU84-AT84 | AX84: =SUMIFS([1]инфо!$C$15:$C$28,[1]инфо!$A$15:$A$28,F84)*H83
A85: =A83+1 | B85: 0057 | C85: линия 2 | D85: день | E85: Султанулы | F85: 8 волн рифленый | G85: 32 | H85: 1300 | I85: =IFERROR(H85*VLOOKUP(F85,[1]инфо!$A$15:$C$28,3,FALSE)/1000,0) | J85: 1500 | K85: 5 | L85: 2 | N85: 3165 | Q85: 9595 | R85: 10875 | S85: =SUM(O85:R85) | Y85: 320 | AA85: 32 | AC85: 320 | AD85: 160 | AE85: =SUMIFS([1]инфо!$D$15:$D$28,[1]инфо!$A$15:$A$28,F85) | AF85: =IF(H85=0,0,N85/H85) | AG85: =AF85-AE85 | AH85: =SUMIFS([1]инфо!$E$15:$E$28,[1]инфо!$A$15:$A$28,F85) | AI85: =IF(H85=0,0,S85/H85) | AJ85: =AI85-AH85 | AK85: =SUMIFS([1]инфо!$F$15:$F$28,[1]инфо!$A$15:$A$28,F85) | AL85: =IF(H85=0,0,Y85/H85) | AM85: =AL85-AK85 | AN85: =SUMIFS([1]инфо!$G$15:$G$28,[1]инфо!$A$15:$A$28,F85) | AO85: =IF(H85=0,0,AA85/H85) | AP85: =AO85-AN85 | AQ85: =SUMIFS([1]инфо!$H$15:$H$28,[1]инфо!$A$15:$A$28,F85) | AR85: =IF(H84=0,0,AC85/H84) | AS85: =AR85-AQ85 | AT85: =SUMIFS([1]инфо!$I$15:$I$28,[1]инфо!$A$15:$A$28,F85) | AU85: =IF(H85=0,0,AD85/H85) | AV85: =AU85-AT85 | AX85: =SUMIFS([1]инфо!$C$15:$C$28,[1]инфо!$A$15:$A$28,F85)*H84
A86: =A84+1 | B86: 0058 | C86: линия 2 | D86: ночь | E86: Бекбосынов | F86: 8 волн рифленый | G86: 53 | H86: 2150 | I86: =IFERROR(H86*VLOOKUP(F86,[1]инфо!$A$15:$C$28,3,FALSE)/1000,0) | J86: 2000 | K86: 18 | L86: 24 | N86: 5749 | Q86: 20452 | R86: 16640 | S86: =SUM(O86:R86) | Y86: 530 | AA86: 55 | AC86: 530 | AD86: 265 | AE86: =SUMIFS([1]инфо!$D$15:$D$28,[1]инфо!$A$15:$A$28,F86) | AF86: =IF(H86=0,0,N86/H86) | AG86: =AF86-AE86 | AH86: =SUMIFS([1]инфо!$E$15:$E$28,[1]инфо!$A$15:$A$28,F86) | AI86: =IF(H86=0,0,S86/H86) | AJ86: =AI86-AH86 | AK86: =SUMIFS([1]инфо!$F$15:$F$28,[1]инфо!$A$15:$A$28,F86) | AL86: =IF(H86=0,0,Y86/H86) | AM86: =AL86-AK86 | AN86: =SUMIFS([1]инфо!$G$15:$G$28,[1]инфо!$A$15:$A$28,F86) | AO86: =IF(H86=0,0,AA86/H86) | AP86: =AO86-AN86 | AQ86: =SUMIFS([1]инфо!$H$15:$H$28,[1]инфо!$A$15:$A$28,F86) | AR86: =IF(H85=0,0,AC86/H85) | AS86: =AR86-AQ86 | AT86: =SUMIFS([1]инфо!$I$15:$I$28,[1]инфо!$A$15:$A$28,F86) | AU86: =IF(H86=0,0,AD86/H86) | AV86: =AU86-AT86 | AX86: =SUMIFS([1]инфо!$C$15:$C$28,[1]инфо!$A$15:$A$28,F86)*H85
A87: =A85+1 | B87: 0059 | C87: линия 2 | D87: день | E87: Дауылбай | F87: 8 волн рифленый | G87: 49 | H87: 2050 | I87: =IFERROR(H87*VLOOKUP(F87,[1]инфо!$A$15:$C$28,3,FALSE)/1000,0) | J87: 2000 | K87: 63 | L87: 3 | N87: 4469 | Q87: 14079 | R87: 14715 | S87: =SUM(O87:R87) | Y87: 450 | AA87: 51 | AC87: 450 | AD87: 225 | AE87: =SUMIFS([1]инфо!$D$15:$D$28,[1]инфо!$A$15:$A$28,F87) | AF87: =IF(H87=0,0,N87/H87) | AG87: =AF87-AE87 | AH87: =SUMIFS([1]инфо!$E$15:$E$28,[1]инфо!$A$15:$A$28,F87) | AI87: =IF(H87=0,0,S87/H87) | AJ87: =AI87-AH87 | AK87: =SUMIFS([1]инфо!$F$15:$F$28,[1]инфо!$A$15:$A$28,F87) | AL87: =IF(H87=0,0,Y87/H87) | AM87: =AL87-AK87 | AN87: =SUMIFS([1]инфо!$G$15:$G$28,[1]инфо!$A$15:$A$28,F87) | AO87: =IF(H87=0,0,AA87/H87) | AP87: =AO87-AN87 | AQ87: =SUMIFS([1]инфо!$H$15:$H$28,[1]инфо!$A$15:$A$28,F87) | AR87: =IF(H86=0,0,AC87/H86) | AS87: =AR87-AQ87 | AT87: =SUMIFS([1]инфо!$I$15:$I$28,[1]инфо!$A$15:$A$28,F87) | AU87: =IF(H87=0,0,AD87/H87) | AV87: =AU87-AT87 | AX87: =SUMIFS([1]инфо!$C$15:$C$28,[1]инфо!$A$15:$A$28,F87)*H86
A88: =A86+1 | B88: 0060 | C88: линия 2 | D88: ночь | E88: Султанулы | F88: 8 волн рифленый | G88: 56 | H88: 2580 | I88: =IFERROR(H88*VLOOKUP(F88,[1]инфо!$A$15:$C$28,3,FALSE)/1000,0) | J88: 2500 | L88: 6 | N88: 5539 | Q88: 18539 | R88: 17277 | S88: =SUM(O88:R88) | Y88: 560 | AA88: 112 | AC88: 560 | AD88: 280 | AE88: =SUMIFS([1]инфо!$D$15:$D$28,[1]инфо!$A$15:$A$28,F88) | AF88: =IF(H88=0,0,N88/H88) | AG88: =AF88-AE88 | AH88: =SUMIFS([1]инфо!$E$15:$E$28,[1]инфо!$A$15:$A$28,F88) | AI88: =IF(H88=0,0,S88/H88) | AJ88: =AI88-AH88 | AK88: =SUMIFS([1]инфо!$F$15:$F$28,[1]инфо!$A$15:$A$28,F88) | AL88: =IF(H88=0,0,Y88/H88) | AM88: =AL88-AK88 | AN88: =SUMIFS([1]инфо!$G$15:$G$28,[1]инфо!$A$15:$A$28,F88) | AO88: =IF(H88=0,0,AA88/H88) | AP88: =AO88-AN88 | AQ88: =SUMIFS([1]инфо!$H$15:$H$28,[1]инфо!$A$15:$A$28,F88) | AR88: =IF(H87=0,0,AC88/H87) | AS88: =AR88-AQ88 | AT88: =SUMIFS([1]инфо!$I$15:$I$28,[1]инфо!$A$15:$A$28,F88) | AU88: =IF(H88=0,0,AD88/H88) | AV88: =AU88-AT88 | AX88: =SUMIFS([1]инфо!$C$15:$C$28,[1]инфо!$A$15:$A$28,F88)*H87
A89: =A87+1 | B89: 0061 | C89: линия 2 | D89: день | E89: Монаев | F89: 8 волн рифленый | G89: 5 | H89: 190 | I89: =IFERROR(H89*VLOOKUP(F89,[1]инфо!$A$15:$C$28,3,FALSE)/1000,0) | N89: 480 | Q89: 1920 | R89: 1279 | S89: =SUM(O89:R89) | Y89: 50 | AA89: 10 | AC89: 50 | AE89: =SUMIFS([1]инфо!$D$15:$D$28,[1]инфо!$A$15:$A$28,F89) | AF89: =IF(H89=0,0,N89/H89) | AG89: =AF89-AE89 | AH89: =SUMIFS([1]инфо!$E$15:$E$28,[1]инфо!$A$15:$A$28,F89) | AI89: =IF(H89=0,0,S89/H89) | AJ89: =AI89-AH89 | AK89: =SUMIFS([1]инфо!$F$15:$F$28,[1]инфо!$A$15:$A$28,F89) | AL89: =IF(H89=0,0,Y89/H89) | AM89: =AL89-AK89 | AN89: =SUMIFS([1]инфо!$G$15:$G$28,[1]инфо!$A$15:$A$28,F89) | AO89: =IF(H89=0,0,AA89/H89) | AP89: =AO89-AN89 | AQ89: =SUMIFS([1]инфо!$H$15:$H$28,[1]инфо!$A$15:$A$28,F89) | AR89: =IF(H88=0,0,AC89/H88) | AS89: =AR89-AQ89 | AT89: =SUMIFS([1]инфо!$I$15:$I$28,[1]инфо!$A$15:$A$28,F89) | AU89: =IF(H89=0,0,AD89/H89) | AV89: =AU89-AT89 | AX89: =SUMIFS([1]инфо!$C$15:$C$28,[1]инфо!$A$15:$A$28,F89)*H88
A90: =A88+1 | B90: 0062 | C90: линия 2 | D90: ночь | E90: Дауылбай | F90: 8 волн рифленый | G90: 53 | H90: 2450 | I90: =IFERROR(H90*VLOOKUP(F90,[1]инфо!$A$15:$C$28,3,FALSE)/1000,0) | J90: 2500 | K90: 31 | L90: 6 | M90: 175 | N90: 5330 | Q90: 18572 | R90: 15353 | S90: =SUM(O90:R90) | Y90: 530 | AA90: 106 | AC90: 530 | AD90: 180 | AE90: =SUMIFS([1]инфо!$D$15:$D$28,[1]инфо!$A$15:$A$28,F90) | AF90: =IF(H90=0,0,N90/H90) | AG90: =AF90-AE90 | AH90: =SUMIFS([1]инфо!$E$15:$E$28,[1]инфо!$A$15:$A$28,F90) | AI90: =IF(H90=0,0,S90/H90) | AJ90: =AI90-AH90 | AK90: =SUMIFS([1]инфо!$F$15:$F$28,[1]инфо!$A$15:$A$28,F90) | AL90: =IF(H90=0,0,Y90/H90) | AM90: =AL90-AK90 | AN90: =SUMIFS([1]инфо!$G$15:$G$28,[1]инфо!$A$15:$A$28,F90) | AO90: =IF(H90=0,0,AA90/H90) | AP90: =AO90-AN90 | AQ90: =SUMIFS([1]инфо!$H$15:$H$28,[1]инфо!$A$15:$A$28,F90) | AR90: =IF(H89=0,0,AC90/H89) | AS90: =AR90-AQ90 | AT90: =SUMIFS([1]инфо!$I$15:$I$28,[1]инфо!$A$15:$A$28,F90) | AU90: =IF(H90=0,0,AD90/H90) | AV90: =AU90-AT90 | AX90: =SUMIFS([1]инфо!$C$15:$C$28,[1]инфо!$A$15:$A$28,F90)*H89
A91: =A89+1 | B91: 0063 | C91: линия 2 | D91: день | E91: Бекбосынов | F91: 8 волн рифленый | G91: 43 | H91: 1970 | I91: =IFERROR(H91*VLOOKUP(F91,[1]инфо!$A$15:$C$28,3,FALSE)/1000,0) | J91: 2000 | K91: 30 | L91: 2 | M91: 140 | N91: 4326 | Q91: 15358 | R91: 12151 | S91: =SUM(O91:R91) | Y91: 430 | AA91: 86 | AC91: 430 | AD91: 100 | AE91: =SUMIFS([1]инфо!$D$15:$D$28,[1]инфо!$A$15:$A$28,F91) | AF91: =IF(H91=0,0,N91/H91) | AG91: =AF91-AE91 | AH91: =SUMIFS([1]инфо!$E$15:$E$28,[1]инфо!$A$15:$A$28,F91) | AI91: =IF(H91=0,0,S91/H91) | AJ91: =AI91-AH91 | AK91: =SUMIFS([1]инфо!$F$15:$F$28,[1]инфо!$A$15:$A$28,F91) | AL91: =IF(H91=0,0,Y91/H91) | AM91: =AL91-AK91 | AN91: =SUMIFS([1]инфо!$G$15:$G$28,[1]инфо!$A$15:$A$28,F91) | AO91: =IF(H91=0,0,AA91/H91) | AP91: =AO91-AN91 | AQ91: =SUMIFS([1]инфо!$H$15:$H$28,[1]инфо!$A$15:$A$28,F91) | AR91: =IF(H90=0,0,AC91/H90) | AS91: =AR91-AQ91 | AT91: =SUMIFS([1]инфо!$I$15:$I$28,[1]инфо!$A$15:$A$28,F91) | AU91: =IF(H91=0,0,AD91/H91) | AV91: =AU91-AT91 | AX91: =SUMIFS([1]инфо!$C$15:$C$28,[1]инфо!$A$15:$A$28,F91)*H90
A92: =A90+1 | B92: 0064 | C92: линия 2 | D92: ночь | E92: Монаев | F92: 8 волн рифленый | G92: 65 | H92: 3000 | I92: =IFERROR(H92*VLOOKUP(F92,[1]инфо!$A$15:$C$28,3,FALSE)/1000,0) | J92: 2750 | K92: 37 | L92: 1 | M92: 70 | N92: 6509 | Q92: 20490 | R92: 21087 | S92: =SUM(O92:R92) | Y92: 650 | AA92: 130 | AC92: 400 | AD92: 200 | AE92: =SUMIFS([1]инфо!$D$15:$D$28,[1]инфо!$A$15:$A$28,F92) | AF92: =IF(H92=0,0,N92/H92) | AG92: =AF92-AE92 | AH92: =SUMIFS([1]инфо!$E$15:$E$28,[1]инфо!$A$15:$A$28,F92) | AI92: =IF(H92=0,0,S92/H92) | AJ92: =AI92-AH92 | AK92: =SUMIFS([1]инфо!$F$15:$F$28,[1]инфо!$A$15:$A$28,F92) | AL92: =IF(H92=0,0,Y92/H92) | AM92: =AL92-AK92 | AN92: =SUMIFS([1]инфо!$G$15:$G$28,[1]инфо!$A$15:$A$28,F92) | AO92: =IF(H92=0,0,AA92/H92) | AP92: =AO92-AN92 | AQ92: =SUMIFS([1]инфо!$H$15:$H$28,[1]инфо!$A$15:$A$28,F92) | AR92: =IF(H91=0,0,AC92/H91) | AS92: =AR92-AQ92 | AT92: =SUMIFS([1]инфо!$I$15:$I$28,[1]инфо!$A$15:$A$28,F92) | AU92: =IF(H92=0,0,AD92/H92) | AV92: =AU92-AT92 | AX92: =SUMIFS([1]инфо!$C$15:$C$28,[1]инфо!$A$15:$A$28,F92)*H91
A93: =A91+1 | B93: 0065 | C93: линия 2 | D93: день | E93: Султанулы | F93: 8 волн рифленый | G93: 59 | H93: 2460 | I93: =IFERROR(H93*VLOOKUP(F93,[1]инфо!$A$15:$C$28,3,FALSE)/1000,0) | J93: 2500 | K93: 5 | L93: 4 | M93: 26 | N93: 5909 | Q93: 19197 | R93: 18531 | S93: =SUM(O93:R93) | Y93: 590 | AA93: 118 | AC93: 450 | AD93: 295 | AE93: =SUMIFS([1]инфо!$D$15:$D$28,[1]инфо!$A$15:$A$28,F93) | AF93: =IF(H93=0,0,N93/H93) | AG93: =AF93-AE93 | AH93: =SUMIFS([1]инфо!$E$15:$E$28,[1]инфо!$A$15:$A$28,F93) | AI93: =IF(H93=0,0,S93/H93) | AJ93: =AI93-AH93 | AK93: =SUMIFS([1]инфо!$F$15:$F$28,[1]инфо!$A$15:$A$28,F93) | AL93: =IF(H93=0,0,Y93/H93) | AM93: =AL93-AK93 | AN93: =SUMIFS([1]инфо!$G$15:$G$28,[1]инфо!$A$15:$A$28,F93) | AO93: =IF(H93=0,0,AA93/H93) | AP93: =AO93-AN93 | AQ93: =SUMIFS([1]инфо!$H$15:$H$28,[1]инфо!$A$15:$A$28,F93) | AR93: =IF(H92=0,0,AC93/H92) | AS93: =AR93-AQ93 | AT93: =SUMIFS([1]инфо!$I$15:$I$28,[1]инфо!$A$15:$A$28,F93) | AU93: =IF(H93=0,0,AD93/H93) | AV93: =AU93-AT93 | AX93: =SUMIFS([1]инфо!$C$15:$C$28,[1]инфо!$A$15:$A$28,F93)*H92
A94: =A92+1 | B94: 0066 | C94: линия 2 | D94: ночь | E94: Бекбосынов | F94: 8 волн рифленый | G94: 57 | H94: 2660 | I94: =IFERROR(H94*VLOOKUP(F94,[1]инфо!$A$15:$C$28,3,FALSE)/1000,0) | J94: 2750 | K94: 10 | L94: 20 | M94: 86 | N94: 5842 | Q94: 12486 | R94: 23659 | S94: =SUM(O94:R94) | Y94: 560 | AA94: 114 | AC94: 545 | AD94: 245 | AE94: =SUMIFS([1]инфо!$D$15:$D$28,[1]инфо!$A$15:$A$28,F94) | AF94: =IF(H94=0,0,N94/H94) | AG94: =AF94-AE94 | AH94: =SUMIFS([1]инфо!$E$15:$E$28,[1]инфо!$A$15:$A$28,F94) | AI94: =IF(H94=0,0,S94/H94) | AJ94: =AI94-AH94 | AK94: =SUMIFS([1]инфо!$F$15:$F$28,[1]инфо!$A$15:$A$28,F94) | AL94: =IF(H94=0,0,Y94/H94) | AM94: =AL94-AK94 | AN94: =SUMIFS([1]инфо!$G$15:$G$28,[1]инфо!$A$15:$A$28,F94) | AO94: =IF(H94=0,0,AA94/H94) | AP94: =AO94-AN94 | AQ94: =SUMIFS([1]инфо!$H$15:$H$28,[1]инфо!$A$15:$A$28,F94) | AR94: =IF(H93=0,0,AC94/H93) | AS94: =AR94-AQ94 | AT94: =SUMIFS([1]инфо!$I$15:$I$28,[1]инфо!$A$15:$A$28,F94) | AU94: =IF(H94=0,0,AD94/H94) | AV94: =AU94-AT94 | AX94: =SUMIFS([1]инфо!$C$15:$C$28,[1]инфо!$A$15:$A$28,F94)*H93
A95: =A93+1 | B95: 0067 | C95: линия 2 | D95: день | E95: Дауылбай | F95: 8 волн рифленый | G95: 15 | H95: 700 | I95: =IFERROR(H95*VLOOKUP(F95,[1]инфо!$A$15:$C$28,3,FALSE)/1000,0) | J95: 1000 | K95: 14 | L95: 1 | M95: 58 | N95: 1504 | Q95: 4875 | R95: 5114 | S95: =SUM(O95:R95) | Y95: 150 | AA95: 30 | AC95: 150 | AD95: 55 | AE95: =SUMIFS([1]инфо!$D$15:$D$28,[1]инфо!$A$15:$A$28,F95) | AF95: =IF(H95=0,0,N95/H95) | AG95: =AF95-AE95 | AH95: =SUMIFS([1]инфо!$E$15:$E$28,[1]инфо!$A$15:$A$28,F95) | AI95: =IF(H95=0,0,S95/H95) | AJ95: =AI95-AH95 | AK95: =SUMIFS([1]инфо!$F$15:$F$28,[1]инфо!$A$15:$A$28,F95) | AL95: =IF(H95=0,0,Y95/H95) | AM95: =AL95-AK95 | AN95: =SUMIFS([1]инфо!$G$15:$G$28,[1]инфо!$A$15:$A$28,F95) | AO95: =IF(H95=0,0,AA95/H95) | AP95: =AO95-AN95 | AQ95: =SUMIFS([1]инфо!$H$15:$H$28,[1]инфо!$A$15:$A$28,F95) | AR95: =IF(H94=0,0,AC95/H94) | AS95: =AR95-AQ95 | AT95: =SUMIFS([1]инфо!$I$15:$I$28,[1]инфо!$A$15:$A$28,F95) | AU95: =IF(H95=0,0,AD95/H95) | AV95: =AU95-AT95 | AX95: =SUMIFS([1]инфо!$C$15:$C$28,[1]инфо!$A$15:$A$28,F95)*H94
A96: =A94+1 | B96: 0068 | C96: линия 2 | D96: ночь | E96: Султанулы | F96: 8 волн рифленый | G96: 31 | H96: 1250 | I96: =IFERROR(H96*VLOOKUP(F96,[1]инфо!$A$15:$C$28,3,FALSE)/1000,0) | J96: 750 | K96: 6 | M96: 101 | N96: 3138 | Q96: 10183 | R96: 9590 | S96: =SUM(O96:R96) | Y96: 310 | AA96: 62 | AC96: 310 | AD96: 155 | AE96: =SUMIFS([1]инфо!$D$15:$D$28,[1]инфо!$A$15:$A$28,F96) | AF96: =IF(H96=0,0,N96/H96) | AG96: =AF96-AE96 | AH96: =SUMIFS([1]инфо!$E$15:$E$28,[1]инфо!$A$15:$A$28,F96) | AI96: =IF(H96=0,0,S96/H96) | AJ96: =AI96-AH96 | AK96: =SUMIFS([1]инфо!$F$15:$F$28,[1]инфо!$A$15:$A$28,F96) | AL96: =IF(H96=0,0,Y96/H96) | AM96: =AL96-AK96 | AN96: =SUMIFS([1]инфо!$G$15:$G$28,[1]инфо!$A$15:$A$28,F96) | AO96: =IF(H96=0,0,AA96/H96) | AP96: =AO96-AN96 | AQ96: =SUMIFS([1]инфо!$H$15:$H$28,[1]инфо!$A$15:$A$28,F96) | AR96: =IF(H95=0,0,AC96/H95) | AS96: =AR96-AQ96 | AT96: =SUMIFS([1]инфо!$I$15:$I$28,[1]инфо!$A$15:$A$28,F96) | AU96: =IF(H96=0,0,AD96/H96) | AV96: =AU96-AT96 | AX96: =SUMIFS([1]инфо!$C$15:$C$28,[1]инфо!$A$15:$A$28,F96)*H95
A97: =A95+1 | B97: 0069 | C97: линия 2 | D97: день | E97: Монаев | F97: 8 волн рифленый | G97: 58 | H97: 2700 | I97: =IFERROR(H97*VLOOKUP(F97,[1]инфо!$A$15:$C$28,3,FALSE)/1000,0) | J97: 2750 | K97: 23 | L97: 14 | M97: 85 | N97: 5718 | Q97: 18588 | R97: 18552 | S97: =SUM(O97:R97) | Y97: 580 | AA97: 116 | AC97: 580 | AD97: 290 | AE97: =SUMIFS([1]инфо!$D$15:$D$28,[1]инфо!$A$15:$A$28,F97) | AF97: =IF(H97=0,0,N97/H97) | AG97: =AF97-AE97 | AH97: =SUMIFS([1]инфо!$E$15:$E$28,[1]инфо!$A$15:$A$28,F97) | AI97: =IF(H97=0,0,S97/H97) | AJ97: =AI97-AH97 | AK97: =SUMIFS([1]инфо!$F$15:$F$28,[1]инфо!$A$15:$A$28,F97) | AL97: =IF(H97=0,0,Y97/H97) | AM97: =AL97-AK97 | AN97: =SUMIFS([1]инфо!$G$15:$G$28,[1]инфо!$A$15:$A$28,F97) | AO97: =IF(H97=0,0,AA97/H97) | AP97: =AO97-AN97 | AQ97: =SUMIFS([1]инфо!$H$15:$H$28,[1]инфо!$A$15:$A$28,F97) | AR97: =IF(H96=0,0,AC97/H96) | AS97: =AR97-AQ97 | AT97: =SUMIFS([1]инфо!$I$15:$I$28,[1]инфо!$A$15:$A$28,F97) | AU97: =IF(H97=0,0,AD97/H97) | AV97: =AU97-AT97 | AX97: =SUMIFS([1]инфо!$C$15:$C$28,[1]инфо!$A$15:$A$28,F97)*H96
A98: =A96+1 | B98: 0070 | C98: линия 2 | D98: ночь | E98: Дауылбай | F98: 8 волн рифленый | G98: 72 | H98: 3380 | I98: =IFERROR(H98*VLOOKUP(F98,[1]инфо!$A$15:$C$28,3,FALSE)/1000,0) | J98: 3250 | K98: 6 | L98: 29 | M98: 57 | N98: 7233 | Q98: 22371 | R98: 23673 | S98: =SUM(O98:R98) | Y98: 720 | AA98: 144 | AC98: 720 | AD98: 205 | AE98: =SUMIFS([1]инфо!$D$15:$D$28,[1]инфо!$A$15:$A$28,F98) | AF98: =IF(H98=0,0,N98/H98) | AG98: =AF98-AE98 | AH98: =SUMIFS([1]инфо!$E$15:$E$28,[1]инфо!$A$15:$A$28,F98) | AI98: =IF(H98=0,0,S98/H98) | AJ98: =AI98-AH98 | AK98: =SUMIFS([1]инфо!$F$15:$F$28,[1]инфо!$A$15:$A$28,F98) | AL98: =IF(H98=0,0,Y98/H98) | AM98: =AL98-AK98 | AN98: =SUMIFS([1]инфо!$G$15:$G$28,[1]инфо!$A$15:$A$28,F98) | AO98: =IF(H98=0,0,AA98/H98) | AP98: =AO98-AN98 | AQ98: =SUMIFS([1]инфо!$H$15:$H$28,[1]инфо!$A$15:$A$28,F98) | AR98: =IF(H97=0,0,AC98/H97) | AS98: =AR98-AQ98 | AT98: =SUMIFS([1]инфо!$I$15:$I$28,[1]инфо!$A$15:$A$28,F98) | AU98: =IF(H98=0,0,AD98/H98) | AV98: =AU98-AT98 | AX98: =SUMIFS([1]инфо!$C$15:$C$28,[1]инфо!$A$15:$A$28,F98)*H97
A99: =A97+1 | B99: 0071 | C99: линия 2 | D99: день | E99: Бекбосынов | F99: 8 волн рифленый | G99: 54 | H99: 2500 | I99: =IFERROR(H99*VLOOKUP(F99,[1]инфо!$A$15:$C$28,3,FALSE)/1000,0) | J99: 2750 | K99: 12 | L99: 9 | M99: 107 | N99: 5494 | Q99: 18110 | R99: 17243 | S99: =SUM(O99:R99) | Y99: 540 | AA99: 108 | AC99: 500 | AD99: 240 | AE99: =SUMIFS([1]инфо!$D$15:$D$28,[1]инфо!$A$15:$A$28,F99) | AF99: =IF(H99=0,0,N99/H99) | AG99: =AF99-AE99 | AH99: =SUMIFS([1]инфо!$E$15:$E$28,[1]инфо!$A$15:$A$28,F99) | AI99: =IF(H99=0,0,S99/H99) | AJ99: =AI99-AH99 | AK99: =SUMIFS([1]инфо!$F$15:$F$28,[1]инфо!$A$15:$A$28,F99) | AL99: =IF(H99=0,0,Y99/H99) | AM99: =AL99-AK99 | AN99: =SUMIFS([1]инфо!$G$15:$G$28,[1]инфо!$A$15:$A$28,F99) | AO99: =IF(H99=0,0,AA99/H99) | AP99: =AO99-AN99 | AQ99: =SUMIFS([1]инфо!$H$15:$H$28,[1]инфо!$A$15:$A$28,F99) | AR99: =IF(H98=0,0,AC99/H98) | AS99: =AR99-AQ99 | AT99: =SUMIFS([1]инфо!$I$15:$I$28,[1]инфо!$A$15:$A$28,F99) | AU99: =IF(H99=0,0,AD99/H99) | AV99: =AU99-AT99 | AX99: =SUMIFS([1]инфо!$C$15:$C$28,[1]инфо!$A$15:$A$28,F99)*H98
A100: =A98+1 | B100: 0072 | C100: линия 2 | D100: ночь | E100: Монаев | F100: 8 волн рифленый | G100: 69 | H100: 3080 | I100: =IFERROR(H100*VLOOKUP(F100,[1]инфо!$A$15:$C$28,3,FALSE)/1000,0) | J100: 2750 | K100: 20 | L100: 20 | M100: 90 | N100: 7009 | Q100: 21715 | R100: 22399 | S100: =SUM(O100:R100) | Y100: 690 | AA100: 138 | AC100: 690 | AD100: 0 | AE100: =SUMIFS([1]инфо!$D$15:$D$28,[1]инфо!$A$15:$A$28,F100) | AF100: =IF(H100=0,0,N100/H100) | AG100: =AF100-AE100 | AH100: =SUMIFS([1]инфо!$E$15:$E$28,[1]инфо!$A$15:$A$28,F100) | AI100: =IF(H100=0,0,S100/H100) | AJ100: =AI100-AH100 | AK100: =SUMIFS([1]инфо!$F$15:$F$28,[1]инфо!$A$15:$A$28,F100) | AL100: =IF(H100=0,0,Y100/H100) | AM100: =AL100-AK100 | AN100: =SUMIFS([1]инфо!$G$15:$G$28,[1]инфо!$A$15:$A$28,F100) | AO100: =IF(H100=0,0,AA100/H100) | AP100: =AO100-AN100 | AQ100: =SUMIFS([1]инфо!$H$15:$H$28,[1]инфо!$A$15:$A$28,F100) | AR100: =IF(H99=0,0,AC100/H99) | AS100: =AR100-AQ100 | AT100: =SUMIFS([1]инфо!$I$15:$I$28,[1]инфо!$A$15:$A$28,F100) | AU100: =IF(H100=0,0,AD100/H100) | AV100: =AU100-AT100 | AX100: =SUMIFS([1]инфо!$C$15:$C$28,[1]инфо!$A$15:$A$28,F100)*H99
...

Sheet Итоги
A1: Контроль выполнения плана
A3: Месяц | B3: План месяца | D3: Выберите месяц | E3: =A4
A4: =DATE(2026,6,1) | B4: 160000
D5: План месяца | E5: =_xlfn.XLOOKUP($E$3,ПланПоМесяцам[Месяц],ПланПоМесяцам[План месяца],0)
D6: Факт за месяц | E6: =SUMIFS(ТаблицаВыработки[Факт],ТаблицаВыработки[Месяц],$E$3)
A7: Мастер | B7: Факт | C7: % от плана | D7: Остаток до плана | E7: =E5-E6
A8: {=_xlfn._xlws.SORT(_xlfn.UNIQUE(_xlfn._xlws.FILTER(ТаблицаВыработки[Мастер],ТаблицаВыработки[Месяц]=$E$3)))} | B8: =IF(A8="","",SUMIFS(ТаблицаВыработки[Факт],ТаблицаВыработки[Месяц],$E$3,ТаблицаВыработки[Мастер],A8)) | C8: =IF(A8="","",B8/$E$5) | D8: % выполнения | E8: =E6/E5
A9: Дауылбай М. | B9: =IF(A9="","",SUMIFS(ТаблицаВыработки[Факт],ТаблицаВыработки[Месяц],$E$3,ТаблицаВыработки[Мастер],A9)) | C9: =IF(A9="","",B9/$E$5) | D9: Смен с фактом | E9: =COUNTIFS(ТаблицаВыработки[Месяц],$E$3,ТаблицаВыработки[Факт],">0")
A10: Монаев С. | B10: =IF(A10="","",SUMIFS(ТаблицаВыработки[Факт],ТаблицаВыработки[Месяц],$E$3,ТаблицаВыработки[Мастер],A10)) | C10: =IF(A10="","",B10/$E$5) | D10: Средняя выработка за смену | E10: =IF(E9=0,0,E6/E9)
A11: Султанулы С. | B11: =IF(A11="","",SUMIFS(ТаблицаВыработки[Факт],ТаблицаВыработки[Месяц],$E$3,ТаблицаВыработки[Мастер],A11)) | C11: =IF(A11="","",B11/$E$5) | D11: Смен всего в месяце | E11: =COUNTIF(ТаблицаВыработки[Месяц],$E$3)
B12: =IF(A12="","",SUMIFS(ТаблицаВыработки[Факт],ТаблицаВыработки[Месяц],$E$3,ТаблицаВыработки[Мастер],A12)) | C12: =IF(A12="","",B12/$E$5) | D12: Осталось смен без факта | E12: =COUNTIFS(ТаблицаВыработки[Месяц],$E$3,ТаблицаВыработки[Факт],"")
B13: =IF(A13="","",SUMIFS(ТаблицаВыработки[Факт],ТаблицаВыработки[Месяц],$E$3,ТаблицаВыработки[Мастер],A13)) | C13: =IF(A13="","",B13/$E$5) | D13: Нужно в среднем за оставшуюся смену | E13: =IF(E12=0,0,E7/E12)
B14: =IF(A14="","",SUMIFS(ТаблицаВыработки[Факт],ТаблицаВыработки[Месяц],$E$3,ТаблицаВыработки[Мастер],A14)) | C14: =IF(A14="","",B14/$E$5)
B15: =IF(A15="","",SUMIFS(ТаблицаВыработки[Факт],ТаблицаВыработки[Месяц],$E$3,ТаблицаВыработки[Мастер],A15)) | C15: =IF(A15="","",B15/$E$5)
B16: =IF(A16="","",SUMIFS(ТаблицаВыработки[Факт],ТаблицаВыработки[Месяц],$E$3,ТаблицаВыработки[Мастер],A16)) | C16: =IF(A16="","",B16/$E$5)
B17: =IF(A17="","",SUMIFS(ТаблицаВыработки[Факт],ТаблицаВыработки[Месяц],$E$3,ТаблицаВыработки[Мастер],A17)) | C17: =IF(A17="","",B17/$E$5)
B18: =IF(A18="","",SUMIFS(ТаблицаВыработки[Факт],ТаблицаВыработки[Месяц],$E$3,ТаблицаВыработки[Мастер],A18)) | C18: =IF(A18="","",B18/$E$5)
B19: =IF(A19="","",SUMIFS(ТаблицаВыработки[Факт],ТаблицаВыработки[Месяц],$E$3,ТаблицаВыработки[Мастер],A19)) | C19: =IF(A19="","",B19/$E$5)
B20: =IF(A20="","",SUMIFS(ТаблицаВыработки[Факт],ТаблицаВыработки[Месяц],$E$3,ТаблицаВыработки[Мастер],A20)) | C20: =IF(A20="","",B20/$E$5)

Sheet Списки
A1: Мастер | B1: Смена
A2: Бекбосынов Р. | B2: 1
A3: Дауылбай М. | B3: 2
A4: Монаев С. | B4: 3
A5: Султанулы С. | B5: 4
